year,paper_id,review_id,segment_id,segment_type,segment_hash,human_open_code,human_theme,raw_open_code,canonical_code,rouge_l_to_human,minilm_cosine_to_human
2020,BJeXaJHKvB,ICLR.cc/2020/Conference/Paper1984/AnonReviewer3,seg_f4e788091eb407ba,full_review,a88d4b5e3fca767a0fec96c3daeecdf09852c835573f1a196446d149d5454ec6,Experiments not convincing,Experiments ,Novel method introduction,Novel method introduction,0.0,0.1730074
2020,BJxSI1SKDH,ICLR.cc/2020/Conference/Paper1727/AnonReviewer2,seg_3194a5f4f86b048c,full_review,164a912746cf66119954f07545a19a579026a4fc779a032bfd886ca42a874e9c,Solving existing problem,Contributions,Innovative modeling of morphology in translation,Innovative modeling of morphology in translation,0.0,-0.029696045
2020,BklSwn4tDH,ICLR.cc/2020/Conference/Paper3/AnonReviewer2,seg_38345b50b572e371,full_review,0e595956a7851b09d31bc326198657b76fce8a6cacce69d11609da67488a23ca,Unclear baselines,Clarity issues,Well-organized empirical study on early stopping,Well-organized empirical study on early stopping,0.0,0.1546933
2020,H1e-X64FDB,ICLR.cc/2020/Conference/Paper439/AnonReviewer4,seg_20e2f3b2852ef68a,full_review,f6ff09a38000e2b60a5084705591b32e939e207081239e84d1d80c222eeaca1b,Lack of clarity,Clarity issues,Practical low-level code optimizations for fast evaluation,Practical low-level code optimizations for fast evaluation,0.0,0.08144796
2020,H1g8p1BYvS,ICLR.cc/2020/Conference/Paper1989/AnonReviewer2,seg_2f90b6a220835b8f,full_review,4b1816ec7c7474030a0383b3c6d644713738f7e6a89aff5da9591a4eb33ccc41,Promising approach,Method,Innovative algorithm addressing spurious bias,Innovative algorithm addressing spurious bias,0.0,0.3673972
2020,HJgzt2VKPB,ICLR.cc/2020/Conference/Paper69/AnonReviewer2,seg_e703445fa6bcf6f7,full_review,b6307c2e7dbb8237766b72c5ba54b490ae253ba413ea55eb5a7f82215b9f63cc,Good evaluation,Evaluation,Introduction of CATER dataset for video understanding,Introduction of CATER dataset for video understanding,0.0,0.16508183
2020,Hyes70EYDB,ICLR.cc/2020/Conference/Paper1051/AnonReviewer2,seg_c28a6689805603ec,full_review,fc8436bdfee64aa4558bcfd5c995cea8423369ccf405cc659b7ac7081d27798e,Good contribution,Contributions,Strong theoretical and empirical contributions,Strong theoretical and empirical contributions,0.2857142857142857,0.38070846
2020,rJe8pxSFwr,ICLR.cc/2020/Conference/Paper2574/AnonReviewer1,seg_0aa3ee5f870ef85f,full_review,9a46d0d654640c561468cd54dfdc9cf4eb834750a49deaaa82297d9a53128c67,Needs writing improvements,Writing quality,End-to-end learning framework for interpolation problems,End-to-end learning framework for interpolation problems,0.0,0.15139809
2020,rJeW1yHYwH,ICLR.cc/2020/Conference/Paper1457/AnonReviewer1,seg_51e2517dc7c2f348,full_review,52bed9443df92c8803d8fa5add54dce07f72e70c0c4891db62d8ccf9c7766144,Less aplicability than needed,Contributions,Innovative use of random Fourier features for dynamic graphs,Innovative use of random Fourier features for dynamic graphs,0.0,0.06863852
2020,rJeXS04FPH,ICLR.cc/2020/Conference/Paper1105/AnonReviewer2,seg_52028193e4dc45bd,full_review,a46bbfac718d26b426d37fa3a8f550a2f44fa7286627d3d4c1483c4ead2085d2,Inconclusive results,Clarity issues,Novel sparse network architecture for word embeddings,Novel sparse network architecture for word embeddings,0.0,-0.020369561
2020,rJlDO64KPH,ICLR.cc/2020/Conference/Paper636/AnonReviewer2,seg_55923ebaf86a07f7,full_review,9c9b43aabafce6d99d18c84f11743e48c22d6633e16cac1feb4a8e61cb5df3ba,Extensive experiments,Experiments ,Novel self-supervised learning objective with strong empirical support,Novel self-supervised learning objective with strong empirical support,0.0,0.11767785
2020,rJlk71rYvH,ICLR.cc/2020/Conference/Paper1601/AnonReviewer1,seg_45d9c47e5aac9c1d,full_review,b037f70c46b296cb3b56c8607094a39d11ce7e171c2062a10599db8eb10e20d6,Results are not scientifically solid,,Innovative counterfactual regularization method with empirical improvements,Innovative counterfactual regularization method with empirical improvements,0.0,0.06339609
2020,rJxG3pVKPB,ICLR.cc/2020/Conference/Paper773/AnonReviewer3,seg_44f32014a8a1a839,full_review,b39c758d76725361fb44b88b24e6aa8f9bfacc643626845bf5868d4b3e16d2fd,Flaws in writing and experimental setup,Writing quality,proposed sequence-to-sequence model variant,proposed sequence-to-sequence model variant,0.0,0.10297455
2020,rkg-mA4FDr,ICLR.cc/2020/Conference/Paper1027/AnonReviewer3,seg_49ee91076f0682ab,full_review,f7ee0aaf19629a309431e27c32e99576ee655d1ab2229b4418926314656c925c,Major peoblem in the method,Method,Innovative retrieval solution with computational advantages,Innovative retrieval solution with computational advantages,0.0,0.13308632
2020,rkgz2aEKDr,ICLR.cc/2020/Conference/Paper774/AnonReviewer3,seg_1607525c49173375,full_review,bcc6e6a21c29896eaf8362b7d8a016aad2c5e64b4bdb77fc4c1fe9356e94e657,Strong experiments,Experiments ,Effective optimizer with strong experimental results,Effective optimizer with strong experimental results,0.25,0.39912534
2020,ryeQmCVYPS,ICLR.cc/2020/Conference/Paper1031/AnonReviewer3,seg_0aa745e5ebdca5bf,full_review,52878b013591893e59783f54d2092c75d2d203f2d85cb297a864fcaa486c14c6,Simple idea,Method,Robustness against adversarial attacks,Robustness against adversarial attacks,0.0,0.12766184
2020,ryx6WgStPB,ICLR.cc/2020/Conference/Paper2153/AnonReviewer2,seg_38d6fc5f3e9fcd53,full_review,95c456678efec5c682e8dc1282665e12f34a334827a0190951d2bbd2445599a4,Confusing explanations,Clarity issues,Advantages of linear hypermodel over ensemble method,Advantages of linear hypermodel over ensemble method,0.0,0.18409675
2021,0WWj8muw_rj,ICLR.cc/2021/Conference/Paper2908/AnonReviewer2,seg_16194ae3aa55d2fe,full_review,92195974292d256b00ed83d0e3d6ff688c23cc341340e9759e766efec285bc46,Potentially good,,Benefits of adaptive learning rates for optimization,Benefits of adaptive learning rates for optimization,0.0,0.107281804
2021,5jzlpHvvRk,ICLR.cc/2021/Conference/Paper1364/AnonReviewer3,seg_5862cc5145584eca,full_review,1fa4e3e01492538a5dcab4a10aec287c2705764848219b42b1659cd2ec9bb4fd,Brings new ideas,Method,Innovative loss function discovery for object detection,Innovative loss function discovery for object detection,0.0,0.17346086
2021,CJmMqnXthgX,ICLR.cc/2021/Conference/Paper3111/AnonReviewer3,seg_46e2973537698718,full_review,3adf1913356d31621dab7dd302d1ff3a1c567eb0752d979460655ba98ac719d5,Small dataset,Dataset,Innovative study on graph kernels and GNN expressiveness,Innovative study on graph kernels and GNN expressiveness,0.0,0.1822263
2021,EUUp9nWXsop,ICLR.cc/2021/Conference/Paper187/AnonReviewer2,seg_a4e95b05fbea4a4e,full_review,895364f293b397847702ca365f1ad491b255210cffbea5adf5d9d01a3afe58a8,Lack of novelty,Contributions,Effective imitation of heuristics for active learning,Effective imitation of heuristics for active learning,0.2,0.19220214
2021,J3OUycKwz-,ICLR.cc/2021/Conference/Paper3640/AnonReviewer1,seg_d25c610886a27270,full_review,4013c8b3d7438cf8d07401f5461df6176a91d641abe227fa002fc7b1220e88ae,Domain relevance,Method,Innovative methodology for tracking linguistic information in LSTM models,Innovative methodology for tracking linguistic information in LSTM models,0.0,0.23487942
2021,Oj2hGyJwhwX,ICLR.cc/2021/Conference/Paper164/AnonReviewer1,seg_448acc9ae844c938,full_review,2f60db8b50edd96431db90d009ec7e959548f266a902382712ef1a3dc1e4c913,Applicability to industry,Contributions,Modular design enhances performance,Modular design enhances performance,0.0,0.15680674
2021,TWDczblpqE,ICLR.cc/2021/Conference/Paper1352/AnonReviewer5,seg_384c71b7d6ad1c2d,full_review,34a50f39f04779fe2715b5bf5553e96a3be0b4a504a7f62ea7197dc1d915fed3,Important domain contribution,Contributions,Semi-supervised model for beehive characteristics using sensor data,Semi-supervised model for beehive characteristics using sensor data,0.0,-0.0053057335
2021,UwGY2qjqoLD,ICLR.cc/2021/Conference/Paper1237/AnonReviewer1,seg_272611f633ffbd1d,full_review,620168e70c14fcc5b891ae7df887e9d03ebba74e56e4c03eb37f76b39ef9431f,Novel contributions,Contributions,Novel geometric measures for neural network analysis,Novel geometric measures for neural network analysis,0.2222222222222222,0.098971486
2021,W3Wf_wKmqm9,ICLR.cc/2021/Conference/Paper2177/AnonReviewer4,seg_d7050c246221e355,full_review,bb90beaa0c41081c6d32b3aa56c9275479e1d6383711359dad6b5341fab8530e,Ignored exploration problem,,Innovative horizon-aware policy integration,Innovative horizon-aware policy integration,0.0,0.10616276
2021,a-xFK8Ymz5J,ICLR.cc/2021/Conference/Paper1087/AnonReviewer3,seg_76249c0b8a3c2dcb,full_review,fe613aae7dfbc0a6a4dd81e80fe319b9f4181c6314882b0ae8222eab4bf0a81a,Well written,Writing quality,Strong performance in speech synthesis tasks,Strong performance in speech synthesis tasks,0.0,0.16814825
2021,cTbIjyrUVwJ,ICLR.cc/2021/Conference/Paper733/AnonReviewer3,seg_4c2a71a2bf4b20fe,full_review,9ade2efe2d5f66a1ece562b3258455e33b93cb77417b2b3a7b76bbf51535c0b2,Interesting approach with superior results,,Clear methodology and superior performance,Clear methodology and strong performance,0.0,0.4443133
2021,g-wu9TMPODo,ICLR.cc/2021/Conference/Paper1136/AnonReviewer4,seg_09b1ab9c64943657,full_review,7f5783743c4926f0d4d79b6ad4c0952e419308d99641cc84870e80c06e38603f,Well written,Writing quality,Theoretical and empirical insights on adversarial vulnerability,Theoretical insights on adversarial vulnerability limitations,0.0,0.071797214
2021,o81ZyBCojoA,ICLR.cc/2021/Conference/Paper2301/AnonReviewer3,seg_1a2f50cd9612c130,full_review,0987603365ec7895f081cf4ceba3a99cc8306dfd2f1b1e2c10484bd785cb828f,Well written,Writing quality,Integration of MAML and AT enhances adversarial robustness; clear motivation and contributions; visual evidence and use,Integration of MAML and AT enhances adversarial robustness; clear motivation and contributions; visual evidence and use,0.0,0.07066941
2021,qcKh_Msv1GP,ICLR.cc/2021/Conference/Paper2787/AnonReviewer1,seg_e470dd4f1f55def6,full_review,cd52c947f22a080ec2a9783135277432db78ccd59e7d80396d29487639f6307e,Good experimental design,Experiments ,Innovative self-supervised framework for graph motifs,Innovative self-supervised framework for graph motifs,0.0,0.14809124
2021,sjGBjudWib,ICLR.cc/2021/Conference/Paper1840/AnonReviewer3,seg_0833f5df34f2edac,full_review,328db4242c14fb1a34eed2f5d1eddb962b20215b567b4b29f31f64035cdbfd09,Well written,Writing quality,Effective graph-sparsification for GAT training,Effective graph-sparsification for GAT training,0.0,0.09081446
2021,uMDbGsVjCS4,ICLR.cc/2021/Conference/Paper605/AnonReviewer3,seg_13b15aca800e87c7,full_review,d7c356f15822346bf9a9666a297e651918ed636d76c76b69720aa21bbaa8e1e2,Lack of analysis,,Innovative GAN framework for physical simulation,Innovative GAN framework for physical simulation,0.0,-0.010259448
2021,w_BtePbtmx4,ICLR.cc/2021/Conference/Paper2641/AnonReviewer2,seg_9eed5a289032d98e,full_review,1dd93546c00025a7243fb4a895813f9bbe845b0a6865c07b0dc71cc2cbd2c3cb,Broad applicability but missing ablations,Contributions,Innovative algorithm combining learning rules,Innovative algorithm combining learning rules,0.0,0.0822648
2022,-w2oomO6qgc,ICLR.cc/2022/Conference/Paper2831/Reviewer_6EvA,seg_c9fd8a7e1478ae00,full_review,83fdb6c3f00220d7f2111fffef8f2461dd94d88b6be7a01ad8a45a1d520849c6,Useful benchmark,Contributions,Useful benchmark and clear presentation,Useful benchmark and clear presentation,0.5714285714285715,0.7181972
2022,2bO2x8NAIMB,ICLR.cc/2022/Conference/Paper700/Reviewer_ZMKG,seg_d50017636fe6e10e,full_review,43f663f57219c724837dc28377e71d9b906c470c018a9445f9155ea4d8bbfe67,Well motivated method,Motivation,Innovative multi-task training approach,Innovative multi-task training approach,0.0,0.35672635
2022,3kTt_W1_tgw,ICLR.cc/2022/Conference/Paper1137/Reviewer_fZBZ,seg_83373d119607c3af,full_review,cb90b227669c14eedb999381cc1dda0f5e3117791d95516d3cb721e9c421b522,Well written,Writing quality,Clear writing and comprehensive experiments,Clear writing and strong experimental results,0.0,0.23438057
2022,6PlIkYUK9As,ICLR.cc/2022/Conference/Paper4128/Reviewer_yngU,seg_6128332044f78c30,full_review,82dc5c4df2afada92a411376b762747c9e387619a149fd010b86583d61799df5,Well motivated method,Motivation,Well-motivated optimization problem and clear algorithm description,Well-motivated optimization problem and clear algorithm description,0.3636363636363636,0.43982127
2022,FpnQMmnsE8Y,ICLR.cc/2022/Conference/Paper1250/Reviewer_xUeP,seg_63725a2b952f7a7e,full_review,4f20abbdf2109dad65ce6a8d28d3a5a3916b03291bde8710ab2b95ba056459af,Thorough empirical results,Performance,Effective and simple parameterization strategy,Effective and simple parameterization strategy,0.0,0.2537972
2022,Sq0-tgDyHe4,ICLR.cc/2022/Conference/Paper2393/Reviewer_rG3k,seg_1c575eca8febac9f,full_review,3b241b98a592a3d2fad5b2578f3f78baee051b84ef333721594eea90055ba572,Thorough empirical results,Performance,Comprehensive empirical results and clear method presentation,Comprehensive empirical results and clear method presentation,0.4,0.72138894
2022,TySnJ-0RdKI,ICLR.cc/2022/Conference/Paper674/Reviewer_G82o,seg_e8dd079d03e8e02b,full_review,cc0750ebe864d670bd8558ea983147abfbead1b1057d4d84dc9a973817e85982,Simple and effective idea,Method,Innovative decoupling-based backdoor defense approach,Innovative decoupling-based backdoor defense approach,0.0,0.21077912
2022,YevsQ05DEN7,ICLR.cc/2022/Conference/Paper387/Reviewer_fU6b,seg_2a853206d18e2371,full_review,8c40f2b3edc7175999a2f3c3f83911b2b682327b51887cdab5d12cecf19b1c8b,Lack of analysis,,Insightful mathematical analysis and clear theoretical claims,Insightful mathematical analysis and clear theoretical claims,0.2,0.44736385
2022,YgPqNctmyd,ICLR.cc/2022/Conference/Paper10/Reviewer_PA1y,seg_cf31cc449d1a7640,full_review,183317bb618cc9579706ad5b5dac91b305d1c84358f30aa99b84248b47e2d48c,Weak related works section,Related works,Innovative theoretical framework and thorough experimental validation,Innovative theoretical framework and thorough experimental validation,0.0,0.042132344
2022,YigKlMJwjye,ICLR.cc/2022/Conference/Paper334/Reviewer_dM4B,seg_d51b1571367a2e33,full_review,bed1a8a8fa34bd9f934324ffd801b35d39a14e3c1e5c9b162a9699818d93c321,Lack of technical novelty,Contributions,Clear structure and readability,Clear structure and readability,0.0,0.2445329
2022,YpBHDlalKDG,ICLR.cc/2022/Conference/Paper2978/Reviewer_2nYD,seg_2a7d36ea77f0fc11,full_review,42bc0f39ce0fae9d18cfcbfeb29b75a724373df7698bc61a2d4e49193cf5d188,Lack of clarity,Clarity issues,Empirical recipes for training controllers using differentiable physics,Empirical recipes for training controllers using differentiable physics,0.0,-0.008950312
2022,bYGSzbCM_i,ICLR.cc/2022/Conference/Paper409/Reviewer_82UN,seg_67909c9b4869dc74,full_review,f85f535904775d133689b07ff6549ad79a1a7958813de6b01ca620f89a4398f0,Lack of experiment details,Experiments ,technically solid and well-structured,technically solid and well-structured,0.0,0.109122075
2022,djhu4DIZZHR,ICLR.cc/2022/Conference/Paper1266/Reviewer_xN3f,seg_120d712ab1ee56ab,full_review,eb6e8604d4f1191243a079fffb9623273ab02ddb153973532de9033997175017,Lack of clarity in dataset,Clarity issues,Manually constructed dataset for logical reasoning,Manually constructed dataset for logical reasoning,0.1818181818181818,0.4415071
2022,dzZQEvQ6dRK,ICLR.cc/2022/Conference/Paper906/Reviewer_DZ9Z,seg_359fde39c5de462f,full_review,4ac1efda7410a71c56ea750b0e8fd50b8012c260910d198b76555719049dcd4f,Simple method,Method,Simplicity and realism of method with strong experimental support,Simplicity and realism of method with strong experimental support,0.1818181818181818,0.44517437
2022,i1ogYhs0ByT,ICLR.cc/2022/Conference/Paper2446/Reviewer_fA4U,seg_50eab506fb1bee2d,full_review,e44873cdc4f2cc5e1c9c517d7565c2f48d4e4c8406f23dcca63e411bd6830101,Lack of explanations,Clarity issues,Probabilistic framework and comprehensive experiments,Probabilistic framework and comprehensive experiments,0.0,0.14688635
2022,uUN0Huq-n_V,ICLR.cc/2022/Conference/Paper826/Reviewer_n4MP,seg_89d6b16603787f39,full_review,182645cf5d642a16c610ab6be6f62b80476728666d89e89697bb96d908c6eb83,Rare method,Contributions,Innovative combination of music-generation techniques,Innovative combination of music-generation techniques,0.0,0.27090275
2022,v3LXWP63qOZ,ICLR.cc/2022/Conference/Paper3446/Reviewer_LtXH,seg_3c732f95a8c50d30,full_review,2b78ef7c08342a02e54d6d4adb97594a31e843a9190f90fef43a12d54b2dac42,No evidence for the main claims,Lack of clarity,Effective simplicity and clarity,Effective simplicity and clarity,0.0,0.10910195
2023,-Aw0rrrPUF,ICLR.cc/2023/Conference/Paper3642/Reviewer_tevQ,seg_d9652263e78a719e,full_review,dc1a262c8b7a5c4ca4b501850c84e43cc70ded9b9fa49cdb3e87e87b06b861f8,Impressive performance,Performance,Strong techniques and benchmark performance,Strong techniques and benchmark performance,0.2857142857142857,0.46478692
2023,9MDjKb9lGi,ICLR.cc/2023/Conference/Paper3760/Reviewer_YAmr,seg_ab332e983b20d0dc,full_review,fc10907b8ac9053edb2852d161dcd3f4e6717d14ebee09b6c4964a081242864a,Lacks deep understanding of the topic,,Interesting topic on batch size impact,Interesting topic on batch size impact,0.1666666666666666,0.13818467
2023,FJXf1FXN8C,ICLR.cc/2023/Conference/Paper5208/Reviewer_w2JR,seg_728de9bdc4e6da83,full_review,c74dc3099202133c8abfec6ace5f0559aad99f2c7ae0aaf806dff08d86b4dbc1,Concerns about assumptions,Motivation,Clear organization and valuable theoretical insights,Clear organization and valuable theoretical results,0.0,0.3709473
2023,IpGgfpMucHj,ICLR.cc/2023/Conference/Paper1689/Reviewer_14aj,seg_5d82291ebace8c1b,full_review,e50bfe73ea17cb72acfc9e25059e0f8ba0964b602dfe949b5e812d55412a5655,Lack of details,,Innovative feature extraction and strong performance,Innovative feature extraction and strong performance,0.0,0.073452316
2023,Kn-HA8DFik,ICLR.cc/2023/Conference/Paper233/Reviewer_am4M,seg_31b12b0f5da6d45f,full_review,551d726b5dba7abf9486a0d1123c7c4f20801b85b7c450f79d01a10629757001,Concerns about assumptions,"  
 	
Motivation",Strong performance and thorough validation,Strong performance and thorough validation,0.0,0.18537703
2023,OpC-9aBBVJe,ICLR.cc/2023/Conference/Paper3149/Reviewer_X4J7,seg_8a48b91a0b9da410,full_review,7430663a4f993c29aa3bff78860c6e2b32ad95445fe1c68405180819b5f29a7b,Poorly written sections,Writing quality,Clear writing and strong experimental support,Clear writing and strong experimental results,0.0,0.37067294
2023,Z4s73sJYQM,ICLR.cc/2023/Conference/Paper5418/Reviewer_WMEw,seg_a75571d8ba953059,full_review,b093c5d119e56fc4cdbed219e2aa6af9a364a037e18a6b7208c0573420984406,Interesting idea,,Innovative use of latent variables for dynamic data,Innovative use of latent variables for dynamic data,0.0,0.24360323
2023,ZEXh0XyO2hh,ICLR.cc/2023/Conference/Paper3792/Reviewer_F3k8,seg_3dd8204ea0fd4af4,full_review,caba1796eb6c6c60525e949b54735722784abf84e76ffbed3b2e814c3979b339,Lack of clarity,Clarity issues,Optimized loss weights and effective visual aids,Optimized loss weights and effective visual aids,0.0,0.11820544
2023,eSQh8rG8Oa,ICLR.cc/2023/Conference/Paper5399/Reviewer_BG9i,seg_747f595204c908ea,full_review,a7f4b8410f5d7b714b8e29bf8c06fa61ec305ba9b102272fb5546a988e4ea2f8,Simple algorithms,Method,Effective algorithms and clear presentation,Effective algorithms and clear presentation,0.2857142857142857,0.616917
2023,hcLpFslHraT,ICLR.cc/2023/Conference/Paper5988/Reviewer_TZoE,seg_55c57f3a87997c1a,full_review,e508626eb51925da12c64ccca5f374acc13a57cdb2765d55b6fa4d70d48839ab,Thoroughness of the analysis,Performance,thorough analysis and separation of research aspects,thorough analysis and separation of research aspects,0.3636363636363636,0.5056024
2023,hj7uBF92qvm,ICLR.cc/2023/Conference/Paper1270/Reviewer_a5Z9,seg_f58360c979bf8a18,full_review,304a4df21a87c4c69a384c3a902106a606143ccc3805d42cb0df22e0130d2036,Poorly written sections,Writing quality,Solid methodology and comprehensive experiments,Solid methodology and comprehensive experiments,0.0,0.08547531
2023,jXQ0ipgMdU,ICLR.cc/2023/Conference/Paper1101/Reviewer_dqQ6,seg_e43741a3a962d56d,full_review,f4e14ce07804ec8bb3d5b1682451ab27dd585d467a5d4f5d505d4dfb02d917ad,Lack of explanations,Clarity issues,Foundation for slice-based Wasserstein distances,Foundation for slice-based Wasserstein distances,0.0,-0.03586431
2023,jkMT2AtccX,ICLR.cc/2023/Conference/Paper6446/Reviewer_EsdY,seg_b4678469929314bf,full_review,b7e8613379f27bd83c2282d2a741e970ae89265d377200c97fd6c63c6a454c7c,Tackling important problem,Contributions,Important problem addressed with sound methodology and reproducible results,Relevant problem with sound methodology and improved results,0.1818181818181818,0.17374942
2023,lmumJ2pC0JB,ICLR.cc/2023/Conference/Paper6169/Reviewer_76Qn,seg_25c1357327fb75f5,full_review,43fefb256ed67f3372912bced187a371f3cec1b30ff40dd81480c61f40ebd120,Limited contributions,Contributions,Clear presentation of results and novel insights on optimization trajectories,Clear presentation of results and novel insights on optimization trajectories,0.0,0.06901118
2023,uzbd9jGCnN4,ICLR.cc/2023/Conference/Paper921/Reviewer_egc1,seg_e8df0b5f79820c90,full_review,f1af79a2f8858367b230bc842c14b226e55b006dca00d069a677f733a5f3933b,Unclear contributions,Clarity issues,Significant research problem and strong experimental support,Significant research problem and strong experimental support,0.0,0.21079715
2023,wYYCBNLEmBv,ICLR.cc/2023/Conference/Paper1125/Reviewer_dmzc,seg_bce82c24d6e4aced,full_review,f49abb4b09abb017a5a898a35637bd72b93a923081201d7b63071d8332bc2f54,Lack of clarity,Clarity issues,Methodological superiority and innovative improvements,Methodological superiority and innovative improvements,0.0,0.20936075
2023,xzmqxHdZAwO,ICLR.cc/2023/Conference/Paper97/Reviewer_Mmca,seg_ed09232dfa230ac1,full_review,f05d6afe7a1991c6874f5b5b6e5ec726880c1cd5093e218c6c8bc074c04300e7,Good experimental design,Experiments ,Novel GNN-based feature extraction for FSAD,Novel GNN-based feature extraction for FSAD,0.0,0.058432966
2024,3ROGsTX3IR,ICLR.cc/2024/Conference/Submission3524/Reviewer_64Ja,seg_49e7eda4959a93b9,strength,9699cad530c23ce1c2fbcfea46821f7db750aa6451736fe2ea6965e1fc22096f,Insightful viewpoint,,Insightful analysis of challenging theoretical settings,Insightful analysis of challenging theoretical settings,0.25,0.4979627
2024,3ROGsTX3IR,ICLR.cc/2024/Conference/Submission3524/Reviewer_64Ja,seg_7be64470567e6866,weakness,023a5e61c2bdca2a68f47bddadafae289833e62c73353d5d63468644b4ab5de9,Lack of clarity,Clarity issues,Poor presentation and clarity,Presentation and clarity issues,0.2857142857142857,0.55956876
2024,3jXCF5dNpC,ICLR.cc/2024/Conference/Submission1103/Reviewer_KNMq,seg_0ccc3ffe741a4599,strength,491e2da4714f7a1761eb04c21537b515dceec6e07b77a9fc7f7022db52cc344e,Simple method,,engaging prompt and clear presentation,engaging prompt and clear presentation,0.0,0.1462811
2024,3jXCF5dNpC,ICLR.cc/2024/Conference/Submission1103/Reviewer_KNMq,seg_8f8c87442ccc135b,weakness,26bc5da4788b17bb5f016cf060ccbc24c95bd9662fd757057e0242bb1378089c,Lack of evaluation,Evaluation,Limited evaluation of methods and LLMs,Limited evaluation of methods and LLMs,0.2222222222222222,0.3113369
2024,DZUzOKE6og,ICLR.cc/2024/Conference/Submission1610/Reviewer_3LGX,seg_532204c8591f39d9,strength,d316e04f9a6145cfc2dcb3adff08ac369e5ce9212065f896b47a10efd1c216aa,Filling the gap,Related work,Innovative gap filling in hypergraph SSL; strong theoretical support; comprehensive experiments; well-written.,Innovative gap filling in hypergraph SSL; strong theoretical support; comprehensive experiments; well-written.,0.125,0.269898
2024,DZUzOKE6og,ICLR.cc/2024/Conference/Submission1610/Reviewer_3LGX,seg_b360c3afe1b24d76,weakness,cdd1760571b58cdf79378150cf4c3836d9114862af7a1d0c5dba895fe062caeb,Well motivated method,Motivation,Limited backbone diversity in experiments,Limited backbone diversity in experiments,0.0,0.1045986
2024,DbRfXmzwjc,ICLR.cc/2024/Conference/Submission7546/Reviewer_dbRP,seg_b8c84c485b0ad849,strength,5418ba1efeb118daed6bdcb25b4d0eb143dfb6bb110e7d7b34d1e12ee92fe098,Lack of novelty,Contributions,Effective abstraction and decoupling in molecular modeling,Effective abstraction and decoupling in molecular modeling,0.0,0.048045192
2024,DbRfXmzwjc,ICLR.cc/2024/Conference/Submission7546/Reviewer_dbRP,seg_f4056d2ab0bcce02,weakness,a6bbe4f0ae9764ec1a3c4c85d96eeaa2fd7ecd69feb8384205d4a68590679e71,Lack of novelty,Contributions,Unaddressed questions,Unaddressed questions,0.0,0.2751663
2024,EJvFFedM2I,ICLR.cc/2024/Conference/Submission2864/Reviewer_PXAF,seg_7bf0823c6b218c56,strength,96f65424b79114a6cd68b92b7645dc48cc0e0e0c0a1cd381e7ed5a12f4ff1872,Large dataset,Dataset,Comprehensive tasks and robust dataset size,Comprehensive tasks and robust dataset size,0.25,0.6460358
2024,EJvFFedM2I,ICLR.cc/2024/Conference/Submission2864/Reviewer_PXAF,seg_615f347a57d10069,weakness,4c863e381ecfb344556324f490573092d9f668def1de62ff8c520153a9eef720,Lack of evaluation,Evaluation,Insufficient task difficulty and unclear error attribution,Insufficient task difficulty and unclear error attribution,0.0,0.3686858
2024,HOf3K763zg,ICLR.cc/2024/Conference/Submission7948/Reviewer_7YF3,seg_e715ef4113dba608,strength,ece5735dea6d57a8f5647e79dad898bca573480ad1faeaeddb4e7983b4d725b7,Good performance,Performance,strong performance and clarity,Strong performance and clarity,0.3333333333333333,0.6700052
2024,HOf3K763zg,ICLR.cc/2024/Conference/Submission7948/Reviewer_7YF3,seg_963a640eb8f5ad06,weakness,4c887df223e29ff2bdb9c934580cabba3ed2a86e296450d6feb568dc46210973,Lack of details on training parameters,,Inadequate quantitative training metrics,Inadequate quantitative training metrics,0.2,0.62567395
2024,KIPJKST4gw,ICLR.cc/2024/Conference/Submission3194/Reviewer_BTot,seg_57dce8da3ac37bdc,strength,f2b9a40eee0c16e255303bf64a2505e608226ffa05e86cd30d0077168877ae5e,Clear writing,Writing quality,Clear hypothesis and messaging,Clear hypothesis and messaging,0.3333333333333333,0.42837554
2024,KIPJKST4gw,ICLR.cc/2024/Conference/Submission3194/Reviewer_BTot,seg_ddd699563eaf386b,weakness,971383fc9795d86124690423a83ffe5d6334cbfa25f4de937efdaee6dfcc8e41,Lack of details on datasets,,Insufficient dataset diversity and relevance,Insufficient dataset diversity and relevance,0.2,0.6362219
2024,Pp8Kb4hejU,ICLR.cc/2024/Conference/Submission9241/Reviewer_1jYd,seg_c3069782144b813c,strength,7cfdfd9c7b7316170af08fcf6ce53fd3bfc8c2d4fb1b2d404fb1515be7e41f83,Clear writing,Writing quality,Clear writing and thorough experiments,Clear writing and strong experimental results,0.5,0.7169579
2024,Pp8Kb4hejU,ICLR.cc/2024/Conference/Submission9241/Reviewer_1jYd,seg_41b9b350471f85fe,weakness,5c650672e1f100594da42e1e169e66d55ec920f020ea3e08c3c11a3074e4b94a,Lack of clarity,Clarity issues,Concerns about extrapolation validity and performance justification,Concerns about extrapolation validity and performance justification,0.0,0.2572093
2024,WS7GuBDFa2,ICLR.cc/2024/Conference/Submission926/Reviewer_aEzH,seg_3a028ac6816128b7,strength,531d121b16480f8b043b3e54a460bd2563cf9c4e9bcff0715c45d6d32231aa72,Well written and motivated,Writing quality,Novel approach and strong performance,Novel approach and strong performance,0.2222222222222222,0.21953309
2024,WS7GuBDFa2,ICLR.cc/2024/Conference/Submission926/Reviewer_aEzH,seg_03294b970b2bfed5,weakness,0ab58f90626f0cb0308409d956153ac4af2d1df05cf47447caf56af781fcea7d,Lack of clarity,Clarity issues,Need for clarity and consistency in figures and labels,Need for clarity and consistency in figures and labels,0.1666666666666666,0.22298145
2024,bZh06ptG9r,ICLR.cc/2024/Conference/Submission9045/Reviewer_yWWG,seg_663e34b31401b729,strength,4a46a2e214af57474b6882e10b069cf4906f46957bbc538cc60cbaa31a8338ce,Good methodology,Method,Personalized model training and efficient parameter decomposition,Personalized model training and efficient parameter decomposition,0.0,0.15229657
2024,bZh06ptG9r,ICLR.cc/2024/Conference/Submission9045/Reviewer_yWWG,seg_d476d75256b3660e,weakness,c5460fb5fcc1b741703622b2025c89b22ad8776d0c9f57f80f3683b6ed0d1f2a,Privacy concerns,,Privacy concerns and high complexity,Privacy concerns and high complexity,0.5714285714285715,0.82066476
2024,ff5srKUefm,ICLR.cc/2024/Conference/Submission3385/Reviewer_VTJB,seg_75b3263d55354d24,strength,998d0b0efc45e3f2c5b76efe6c54d3ea7ffa067970d23726dd18aeae35b914c0,Outdated research,Related work,simple and efficient routing process,simple and efficient routing process,0.0,-0.017355166
2024,ff5srKUefm,ICLR.cc/2024/Conference/Submission3385/Reviewer_VTJB,seg_ce6ec1dfa1c58e1f,weakness,959f27721dd569af60c96326f576b22e243d3688522d46fd9307a7f84fb02bd7,Absence of SOTA,Experiments ,Lack of technical analysis on entropy voting in CapsNets,Lack of technical analysis on entropy voting in CapsNets,0.1666666666666666,0.02213607
2024,jzdQPKgIWA,ICLR.cc/2024/Conference/Submission7102/Reviewer_VfPt,seg_044227fd43d86045,strength,c678b696af4181e4e5bea4603ea7d2b40b0a1c8ffc753e05537ce32e7d4a61a2,Extensive experiments,Experiments ,Effective adaptation and exploration in diverse environments,Effective adaptation and exploration in diverse environments,0.0,0.34797204
2024,jzdQPKgIWA,ICLR.cc/2024/Conference/Submission7102/Reviewer_VfPt,seg_c21604b7e927709a,weakness,855aa96827e551177cbebe2d06c78a6f62ccc9cb6c410bf18789c7cb2df3db3c,Concerns about assumptions,Motivation,Limited environment scope and policy assumptions,Limited environment scope and policy assumptions,0.2222222222222222,0.5399052
2024,tmBKIecDE9,ICLR.cc/2024/Conference/Submission4172/Reviewer_2GW2,seg_6bcb82fc783b6cb9,strength,8bbb39d626d1037ebbf0802be728ffb0bee8fa6e5371393000758a9e9bda8eb4,Well written,Writing quality,"Well-written, innovative approach, effective intrinsic rewards","Well-written, innovative approach, effective intrinsic rewards",0.4444444444444445,0.24930882
2024,tmBKIecDE9,ICLR.cc/2024/Conference/Submission4172/Reviewer_2GW2,seg_8d5a634d3b6e81a7,weakness,b4115717c105095ab5e397014731fcd40b8ab273625975edba4faae5d3d210a7,Applicability issue,Contributions,Limited generalizability of Motif,Limited generalizability of Motif,0.0,0.15448526
2024,uNkKaD3MCs,ICLR.cc/2024/Conference/Submission1050/Reviewer_ddCD,seg_b3b2ac76f2ff0110,strength,7369e5e951f8b5f5c0b825e7434be86b2d6bb7058c8401e098c84f356d6d6a8f,Clear writing,Writing quality,Clear presentation and strong experimental evidence,Clear presentation and strong experimental evidence,0.25,0.35773015
2024,uNkKaD3MCs,ICLR.cc/2024/Conference/Submission1050/Reviewer_ddCD,seg_06b40487787a6117,weakness,8b3cd0c0d8713d7841bed4d2d20198ebac1a9e13845233ae9e3c22ae0b8f9759,Lack of contribution,Contributions,Hyperparameter selection challenges,Hyperparameter selection challenges,0.0,0.0030479245
2024,viNQSOadLg,ICLR.cc/2024/Conference/Submission7903/Reviewer_aGg2,seg_02031f4a45e1153d,strength,b419a9c0392b97d649df893fc39a21eba043d3dcac43672a12fa7a182b27c401,Well written,Writing quality,strong storytelling and accessible presentation,strong storytelling and accessible presentation,0.0,0.21896759
2024,viNQSOadLg,ICLR.cc/2024/Conference/Submission7903/Reviewer_aGg2,seg_eccb76cbe73122cc,weakness,97b972afb8528747fa52c7b4bbfbf43edcab5df59593b1843af426f0fa75f300,Lack of experimental validation,Experiments ,Insufficient experimental validation,Insufficient experimental validation,0.5714285714285715,0.9084026
2024,xLoxMvO695,ICLR.cc/2024/Conference/Submission3920/Reviewer_xitB,seg_253a33c26657650f,strength,a80e60ff8e58e5e8d92e3659389fe88f27958cdf46bbfbbffe0364bb83c6ca70,Good ideas,,Significant improvement in LLM-based formal verification,Significant improvement in LLM-based formal verification,0.0,0.04977215
2024,xLoxMvO695,ICLR.cc/2024/Conference/Submission3920/Reviewer_xitB,seg_b1cf217cbaae9948,weakness,295455868b28cac1773048827866b0387b6a5c7cc58b800ed6aae22c5580f12a,Unclear writing,Writing quality,Unclear terminology and ambiguity in methodology,Unclear terminology and ambiguity in methodology,0.25,0.41884953
2025,rgDwRdMwoS,ICLR.cc/2025/Conference/Submission9727/Reviewer_tXch,seg_4b0f0837cfcee48e,strength,776f1819d739e9617fe213e343f96a8129d06d231914b1c8b4e459c93a47acd1,Valuable reserach topic,Contributions,ValuableFormalClarity,ValuableFormalClarity,0.0,0.40502667
2025,rgDwRdMwoS,ICLR.cc/2025/Conference/Submission9727/Reviewer_tXch,seg_a54978613c4daa63,weakness,bcaf7f3016fe555807e682429fd0dfa8572c0dc8fc41361076676aa5505de3e3,Lack of experiments,Experiments ,insufficient improvement,insufficient improvement,0.0,0.3768419
2025,sGfVBi15uY,ICLR.cc/2025/Conference/Submission8491/Reviewer_YNcf,seg_ac39a19273947f16,strength,5a8940b653e62b2caf35077426e8dad9f191a1ba6629aa558acd25417a813699,Extensive experiments,Experiments ,"Applies LLMs to DB context, demonstrates","Applies LLMs to DB context, demonstrates",0.0,0.19434327
2025,sGfVBi15uY,ICLR.cc/2025/Conference/Submission8491/Reviewer_YNcf,seg_577d46b0511a8ada,weakness,bbf1681798e34e44e8f98a203be8eeca99157bba050ee0fa2f5a4d8085f91b29,Not fundamentally new algorithm,,straightforward\_application,straightforward\_application,0.0,0.09842381
2025,uJqKf24HGN,ICLR.cc/2025/Conference/Submission7243/Reviewer_1fb4,seg_cac8e3ea66fcd88d,strength,5c6150901d96288c0747a2cc5ca8028de0f40dfec10dae6911d34a94fe9496a5,Well-written,Writing quality,readability,readability,0.0,0.3750708
2025,uJqKf24HGN,ICLR.cc/2025/Conference/Submission7243/Reviewer_1fb4,seg_8ce7568107f4436f,weakness,9b347924beaad5753aa33705f8a79620199fb8d8054fb64b573acf0c72174469,Lack of contribution,Contributions,Adaptor-structure generalizability,Adaptor-structure generalizability,0.0,0.07941478
2025,ue1Tt3h1VC,ICLR.cc/2025/Conference/Submission8532/Reviewer_mwpc,seg_1efe88a3c88a7944,strength,d5f9379e1669214ee3ac002982cacc66f592bc3a6a802e953a29280f2a84cb10,Well-written,Writing quality,RobustPerformance,RobustPerformance,0.0,0.15130046
2025,ue1Tt3h1VC,ICLR.cc/2025/Conference/Submission8532/Reviewer_mwpc,seg_17d3fabafb8d75ef,weakness,831d0c3b51575cf37a50e2ebb306deec8e1cf18428094bde19a46b5271aec31f,Lack of significance,Contributions,task-importance-LLMs,task-importance-LLMs,0.0,0.24140078
2025,vxrtEHc97c,ICLR.cc/2025/Conference/Submission9550/Reviewer_eSdV,seg_fd4a861dd5042d79,strength,bb498dd55dd6433e2d587d82e79d0a257e41a625d60fe03477c46ffb469ed16c,Empirical success,Performance,empirical success tasks,empirical success tasks,0.8,0.8868277
2025,vxrtEHc97c,ICLR.cc/2025/Conference/Submission9550/Reviewer_eSdV,seg_d21f03bfddd63036,weakness,8a7233bc03a17075e81f60a1ca6d78c1c44457d3dcf7bbb1bc99500adfe74362,Not motivating methods,Motivation,unclear motivation,unclear motivation,0.4,0.6488416
2025,w2C7gJqaai,ICLR.cc/2025/Conference/Submission12376/Reviewer_i1oB,seg_ea4135e4ba0fd0e5,strength,714da4120f4e885cd4fdfb6eec40c6267da2b8c02b280270f61d69cfe071d2a7,No strengths,Motivation,no\_significant\_strengths,no\_significant\_strengths,0.8,0.5897429
2025,w2C7gJqaai,ICLR.cc/2025/Conference/Submission12376/Reviewer_i1oB,seg_6df08d05d1aa6465,weakness,145668af5ab85d2a9708a781b6da47574c153407a94168c21bc2f6ba37a340c4,Confusing explanations,Clarity issues,unclear-explanations,unclear-explanations,0.5,0.8064263
2025,w4C4z80w59,ICLR.cc/2025/Conference/Submission2500/Reviewer_yvQD,seg_e93cf2367ef520df,strength,159a8d26d5014970e83c2a57b62109bd0c2e1100b2c9d504be3b7def6fafa4d8,Simple method,Method,distincted\_methodology,distincted\_methodology,0.0,0.27597195
2025,w4C4z80w59,ICLR.cc/2025/Conference/Submission2500/Reviewer_yvQD,seg_3fb7564e2be5428e,weakness,d51cdd2b247197b482c1a795b12c7b9b768fd2ab9de90cb2453bd42c956c221a,Lack of experiments,Experiments ,positioning rationale lacking,positioning rationale lacking,0.3333333333333333,0.23782821
2025,wazvIr0Sw0,ICLR.cc/2025/Conference/Submission369/Reviewer_4Ucz,seg_22cb3424e45eb774,strength,3087c62ffb95f3ef995713f0073773a78a95538cf26c7427806a1e948121f293,Extensive experiments,Experiments ,AdaptsVLMs2D3DSegmentation,AdaptsVLMs2D3DSegmentation,0.0,-0.06009753
2025,wazvIr0Sw0,ICLR.cc/2025/Conference/Submission369/Reviewer_4Ucz,seg_8b4dfa05ea780c10,weakness,b14233eb9a25a3113c4e847655f256b0df8091ae2699fc8dedcd839c40d240a5,Lack of comparison to new methods,,ablation\_needed,ablation\_needed,0.0,0.019714013
2025,xGs7Ch3Vyo,ICLR.cc/2025/Conference/Submission11905/Reviewer_AkBL,seg_dd8a99756b21ebae,strength,5a2c5cfdd5fb396ab4cf802a118d69442074d06303bfb36f2743e5eb1befa469,Diverse evaluation,Evaluation,benchmark evaluations,comprehensive benchmark,0.0,0.3033531
2025,xGs7Ch3Vyo,ICLR.cc/2025/Conference/Submission11905/Reviewer_AkBL,seg_f707685ae311c49d,weakness,aa41a6e2c740e150fedfa39daf077a3676bd74f99290d253da57d80bd6c8240c,Limited applicability/niche,Contributions,niche-method claim,niche-method claim,0.3333333333333333,0.6922877
2025,xQBRrtQM8u,ICLR.cc/2025/Conference/Submission1370/Reviewer_7e67,seg_75f24a4d2a8f2ec3,strength,9bd468510f345ca6062545a8993bc2db73a7dd6097598a2653bd22265b2885d0,Theoretically sound framework,Method,theoretisoundframework,theoretisoundframework,0.0,0.41245604
2025,xQBRrtQM8u,ICLR.cc/2025/Conference/Submission1370/Reviewer_7e67,seg_4430913a846a89dc,weakness,fabe03475d3841c8f1131bbc8c02232c8090a027a7470b45646d1039695651cb,Not comprehensive experiments,Experiments ,incomplete-diffusion-results,incomplete-diffusion-results,0.0,0.2912602
2025,xajif1l65R,ICLR.cc/2025/Conference/Submission12709/Reviewer_kJYW,seg_6cd79b0f799bdf24,strength,62ea713d1695fb43a008f6cbdce41e84433dea51971ba13dcfa69c8de3b526d9,Imoressive results,Performance,PatchSizeDataSelection,PatchSizeDataSelection,0.0,0.035109427
2025,xajif1l65R,ICLR.cc/2025/Conference/Submission12709/Reviewer_kJYW,seg_c11e3976824483c2,weakness,9b225b814102b4b604c2a9eef33b8fc1fc22a343262509813489c59e3560f43b,Unclear motivation,Motivation,Increased storage; unclear value,Increased storage; unclear value,0.3333333333333333,0.19080341
2025,xiyzCfXTS6,ICLR.cc/2025/Conference/Submission6708/Reviewer_VxGg,seg_559ca5460612bf60,strength,bfba647dde55699edb66e02e6a565d93342c94dc0d3a067848582f5adb3f2f95,Innovative research,Contributions,innovative-formulation,innovative-formulation,0.5,0.4987546
2025,xiyzCfXTS6,ICLR.cc/2025/Conference/Submission6708/Reviewer_VxGg,seg_5b4f05157a46c5d8,weakness,5a6e485b576f9d7316a8981781041cf978761ddecece39dae4960e8a70a411a6,Lack of comparison to new methods,,high-dimensional-comparison-lack,high-dimensional-comparison-lack,0.2,0.44771335
2025,yRd4loGAhJ,ICLR.cc/2025/Conference/Submission14209/Reviewer_K91h,seg_0f3bc8fd544fa249,strength,9492697354eb6268fdf151de69f8d3d61f04e081c149f899558d3d92fdfa4eb8,Detailed explanations,Clarity issues,AttentionStrength,AttentionStrength,0.0,0.2557447
2025,yRd4loGAhJ,ICLR.cc/2025/Conference/Submission14209/Reviewer_K91h,seg_9e4d740fc564b27a,weakness,2e7a43fb0e22d07c7529c6d6c8c47171479ab5f1ad7c6c06f56c2a9a9a9c556c,Lack of comparison to new methods,Related work,inconsistent performance,inconsistent-performance,0.0,0.36792773
2025,yUC8pU508S,ICLR.cc/2025/Conference/Submission12539/Reviewer_YT3n,seg_8f28c16a5e355a99,strength,224f682daef8e892d7a48e15b8ca745356ae68895ddc3d6dc4144405307a000d,Great performance,Performance,extends-context-length-novel-analysis,extends-context-length-novel-analysis,0.0,0.11798634
2025,yUC8pU508S,ICLR.cc/2025/Conference/Submission12539/Reviewer_YT3n,seg_22c5bf61704f811a,weakness,de2625a6174f45d4d5755403b0837194f8a385a7a6afb1d4a84e2e6d699775be,Sensitive to specific parameters,Performance,parameter sensitivity,parameter sensitivity,0.3333333333333333,0.79468775
2025,yVeNBxwL5W,ICLR.cc/2025/Conference/Submission514/Reviewer_wsmd,seg_e7c9173ddf396fb3,strength,5ef7d9488af3a5623c9a1a5ec3f7752adfd564f000018165e99b3fb874d8fc06,Great performance,Performance,"Robustness, Effectiveness, Adaptability","Robustness, Effectiveness, Adaptability",0.0,0.13794407
2025,yVeNBxwL5W,ICLR.cc/2025/Conference/Submission514/Reviewer_wsmd,seg_dd8cba1e4cb25de2,weakness,cd393d9964f4bf35407df8caf1ed9d08bcce27aa7bb3ff934435ddee89c5c509,Unclear choice of parameters,Clarity issues,optimize-sampling-clarity,optimize-sampling-clarity,0.0,0.2510009
2025,ysQiaWhnCN,ICLR.cc/2025/Conference/Submission595/Reviewer_a3dn,seg_c97e533649ff0cf4,strength,b0e6223397c448c1a0f59b455a7a58309f24b5656e96048039bd58838032092d,Original idea,Related work,`innovative-CA-envs`,`innovative-CA-envs`,0.0,0.16859496
2025,ysQiaWhnCN,ICLR.cc/2025/Conference/Submission595/Reviewer_a3dn,seg_b8641535fdaa9ae9,weakness,ae8a79ba134528ad0d059793615b04b79a847fe3e607dc64c8429993a1ba67e9,Poor written,Writing quality,experimentation-details-lacking,experimentation-details-lacking,0.0,0.08135234
