canonical_code_id,canonical_code,raw_code_variants,count_segments_in_sample,count_reviews_in_sample,count_papers_in_sample,years_observed_in_sample,strength_count_in_sample,weakness_count_in_sample,full_review_count_in_sample,mean_review_score_in_sample,acceptance_rate_in_sample
CC000470,Adversarial robustness research contributions,Adversarial robustness research contributions,1,1,1,2023,0,0,1,6.0,0.0
CC000658,Application of randomized smoothing for robustness,Application of randomized smoothing for robustness; Generalization of randomized smoothing for robustness certification,2,2,2,2020; 2021,0,0,2,4.0,0.5
CC000710,Assumptions and clarity issues in methodology,Lack of assumption clarity; Lack of clarity and justification in assumptions and methodology; Lack of clarity and strong assumptions,3,3,3,2022; 2024; 2025,0,2,1,6.0,0.0
CC000809,Bayesian approach for domain generalization,Novel Bayesian approach for domain generalization,1,1,1,2021,0,0,1,6.0,0.0
CC000820,Bellman unbiasedness,bellman-unbiasedness,1,1,1,2025,1,0,0,6.0,0.0
CC000852,Bi-level optimization framework,Bi-level optimization framework,1,1,1,2025,1,0,0,5.0,0.0
CC000907,Broad applicability of pruning method,Comparative analysis of pruning methods; Effective new pruning methods proposed; Innovative pruning approaches proposed,3,3,3,2020; 2021,0,0,3,3.3333333333333335,0.3333333333333333
CC000969,Challenges in GAN training stability,Innovative GAN training model with improved stability; novel GAN training methodology with stability improvements; novel approach to GAN training stability; novel insights on GAN training stability,4,4,3,2020,0,0,4,4.5,0.0
CC001046,Clarifications and comparisons needed,Need for clarity and additional comparisons,1,1,1,2022,0,0,1,5.0,0.0
CC001098,Clarity and effective experimentation,Clarity and comprehensive experimentation; Clarity and effective experimentation,2,2,2,2023; 2024,1,0,1,4.5,0.0
CC001113,Clarity and novelty in addressing Byzantine attacks,Novelty and clarity in addressing Byzantine attacks,1,1,1,2022,0,0,1,8.0,0.0
CC001116,Clarity and novelty of algorithm,Lack of clarity in algorithm's novelty and analysis,1,1,1,2024,0,1,0,6.0,1.0
CC001136,Clarity and strong empirical performance,Clarity and strong empirical performance; Strong empirical performance and clarity,2,2,2,2024,2,0,0,5.5,0.0
CC001137,Clarity and strong experimental results,Clarity and strong experimental results,1,1,1,2024,1,0,0,3.0,0.0
CC001138,Clarity and strong experimental support,Clarity and strong experimental support,1,1,1,2024,1,0,0,8.0,1.0
CC001201,Clear and accessible writing,clear and accessible writing,1,1,1,2024,1,0,0,3.0,0.0
CC001291,Clear communication and comprehensive experiments,Clear communication and comprehensive experiments,1,1,1,2024,1,0,0,6.0,1.0
CC001480,Clear exposition and novel contributions,Novel contribution and clear exposition,1,1,1,2024,1,0,0,8.0,1.0
CC001604,Clear methodology and consistent experimental improvements,Clear methodology and significant experimental improvements,1,1,1,2023,0,0,1,3.0,0.0
CC001611,Clear methodology and effective experiments,Clear methodology and comprehensive experiments,1,1,1,2024,1,0,0,5.0,1.0
CC001619,Clear methodology and empirical validation,Strong empirical validation and clear methodology,1,1,1,2024,1,0,0,6.0,0.0
CC001657,Clear methodology and strong experimental results,Clear methodology and strong experimental evaluations; Clear methodology and strong experimental results; Impressive experimental results and clear methodology,3,3,3,2022; 2023; 2024,1,0,2,8.0,1.0
CC001659,Clear methodology and strong performance,Clear methodology and improved performance; Clear methodology and significant performance improvement; Clear methodology and strong performance; Clear methodology and superior performance,5,5,5,2023; 2024,1,0,4,6.0,0.4
CC001675,Clear methodology with practical applications,Clear methodology with practical applications,1,1,1,2024,1,0,0,6.0,1.0
CC001694,Clear motivation and accessible presentation,clear motivation and accessible presentation,1,1,1,2023,0,0,1,6.0,0.0
CC001705,Clear motivation and contributions; thorough ablation study,Clear motivation and structure; relevant evaluations and ablation studies; Strong motivation and clear figures; extensive experiments and satisfactory ablation study.,2,2,2,2023; 2024,1,0,1,6.5,0.5
CC001712,Clear motivation and effective architecture,Clear motivation and effective architecture,1,1,1,2024,1,0,0,3.0,0.0
CC001716,Clear motivation and effective experiments,"Clear motivation and extensive experiments; Clear motivations and well-structured experiments; Strong motivation and thorough experimentation; high motivation and extensive experimentation; strong-motivation, clear-method, promising-experiments",5,5,5,2022; 2024; 2025,2,0,3,6.2,0.4
CC001800,Clear motivation and robust method,clear motivation and robust methodology,1,1,1,2024,1,0,0,6.0,0.0
CC001812,Clear motivation and strong empirical results,"Clear motivation and strong empirical evaluation; Clear motivation and strong empirical performance; Clear motivation, strong empirical results, and reproducibility",3,3,3,2022; 2024,2,0,1,7.333333333333333,0.6666666666666666
CC001814,Clear motivation and strong results,strong motivation and clear results,1,1,1,2024,1,0,0,5.0,0.0
CC001815,Clear motivation and strong theoretical support,Clear motivation and strong theoretical support,1,1,1,2024,1,0,0,8.0,1.0
CC001823,Clear motivation and theoretical justification,Clear motivation and strong theoretical justification,1,1,1,2024,1,0,0,6.0,1.0
CC001824,Clear motivation and thorough analysis,Clear motivation and thorough analysis; Strong motivation and thorough analysis,2,2,2,2023; 2024,1,0,1,6.5,0.5
CC001835,Clear motivation and well-written,Clear motivation and well-written,1,1,1,2024,1,0,0,5.0,1.0
CC001918,Clear organization and strong empirical results,Clear organization and strong empirical evaluation; Clear organization and strong empirical results; Clear organization and strong empirical support,3,3,3,2023,0,0,3,6.333333333333333,0.3333333333333333
CC001920,Clear organization and strong experimental results,Clear organization and effective experimental results; Clear organization and strong experimental results,2,2,2,2024,2,0,0,5.5,0.5
CC001955,Clear presentation and correct proof,Clear presentation and correct proof,1,1,1,2023,0,0,1,6.0,1.0
CC001961,Clear presentation and effective method ablation,"clear+presentation,ablation+study,effective+method",1,1,1,2025,1,0,0,5.0,1.0
CC001967,Clear presentation and efficient method,Clear presentation and efficient method,1,1,1,2024,1,0,0,8.0,1.0
CC001968,Clear presentation and empirical validation,Clear presentation and empirical validation,1,1,1,2023,0,0,1,6.0,0.0
CC001972,Clear presentation and extensive experimentation,Clear presentation and thorough experimentation,1,1,1,2023,0,0,1,6.0,1.0
CC002004,Clear presentation and logical structure,Clear presentation and logical structure,1,1,1,2022,0,0,1,6.0,1.0
CC002031,Clear presentation and robust empirical evaluation,Clear presentation and robust empirical evaluation; Clear presentation and robust empirical investigation,2,2,2,2022; 2023,0,0,2,6.5,0.0
CC002037,Clear presentation and significant performance improvement,Clear presentation and significant performance improvement,1,1,1,2023,0,0,1,5.0,0.0
CC002052,Clear presentation and strong empirical support,Clear presentation and strong empirical evaluation; Clear presentation and verified empirical evidence; Strong empirical results and clear presentation,3,3,3,2022; 2024,2,0,1,5.333333333333333,0.0
CC002054,Clear presentation and strong experimental results,"Broad experiments and clear presentation; Well-executed, clear presentation, effective experiments",2,2,2,2022; 2024,1,0,1,5.0,0.0
CC002062,Clear presentation and strong theoretical foundation,Clear presentation and strong theoretical contributions,1,1,1,2024,1,0,0,8.0,1.0
CC002117,Clear problem definition and convincing experiments,Clear problem definition and extensive experimental support; Clear problem definition and strong performance in experiments,2,2,2,2022; 2023,0,0,2,6.0,1.0
CC002130,Clear problem description and innovative techniques,Innovative problem addressing and clear methodology,1,1,1,2022,0,0,1,5.0,1.0
CC002201,Clear readability,Clear readability,1,1,1,2024,1,0,0,3.0,0.0
CC002205,Clear readability and strong experimental results,Clear readability and strong experimental evaluation,1,1,1,2023,0,0,1,8.0,1.0
CC002224,Clear structure and comprehensive experiments,Clear structure and comprehensive experiments,1,1,1,2024,1,0,0,8.0,0.0
CC002237,Clear structure and effective methodology,Clear structure and effective methodology; Sensible methodology and clear structure,3,3,3,2023; 2024,2,0,1,5.666666666666667,0.6666666666666666
CC002279,Clear structure and robust theoretical framework,robust theoretical framework and clear methodology,1,1,1,2023,0,0,1,6.0,0.0
CC002288,Clear structure and strong experimental results,Clear structure and strong experimental results,1,1,1,2024,1,0,0,3.0,0.0
CC002292,Clear structure and strong theoretical foundation,Strong theoretical foundation and clear structure,1,1,1,2023,0,0,1,5.0,0.0
CC002404,Clear writing and diverse datasets,Clear writing and diverse datasets,1,1,1,2024,1,0,0,5.0,1.0
CC002415,Clear writing and effective algorithm,Clear writing and innovative algorithmic approach; Clear writing and useful algorithm; clear writing and innovative algorithms,3,3,3,2023; 2024,2,0,1,4.666666666666667,0.0
CC002428,Clear writing and effective examples,Clear writing and effective examples,1,1,1,2022,0,0,1,8.0,1.0
CC002442,Clear writing and effective methodology,Clear writing and effective methodology; Clear writing and methodology; Clear writing and strong methodology; clear-writing-effective-method,5,5,5,2024; 2025,5,0,0,6.6,0.6
CC002445,Clear writing and effective model design,Clear writing and efficient model design,1,1,1,2024,1,0,0,3.0,0.0
CC002469,Clear writing and engaging topic,clear writing and engaging topic,1,1,1,2023,0,0,1,1.0,0.0
CC002571,Clear writing and intuitive method,intuitive method and clear writing,1,1,1,2024,1,0,0,6.0,0.0
CC002599,Clear writing and novel approach,"Novel idea, clear writing",1,1,1,2025,1,0,0,6.0,1.0
CC002603,Clear writing and novel approach with guarantees,Clear writing and novel approach with guarantees,1,1,1,2024,1,0,0,6.0,1.0
CC002613,Clear writing and novel insights,Clear writing and novel insights,1,1,1,2023,0,0,1,6.0,1.0
CC002698,Clear writing and relevant topic,Clear writing and relevant topic,1,1,1,2024,1,0,0,5.0,0.0
CC002723,Clear writing and significant results,Clear writing and significant results,2,2,2,2024,2,0,0,6.0,0.5
CC002752,Clear writing and strong comparisons,Clear writing and strong comparisons,1,1,1,2022,0,0,1,5.0,0.0
CC002759,Clear writing and strong empirical validation,Clear writing and strong empirical validation,1,1,1,2023,0,0,1,6.0,1.0
CC002761,Clear writing and strong experimental comparisons,Clear writing and detailed comparisons with extensive experiments,1,1,1,2024,1,0,0,5.0,0.0
CC002762,Clear writing and strong experimental design,Clear writing and comprehensive experimental setup; Clear writing and thorough experimental design,2,2,2,2023; 2024,1,0,1,6.0,0.5
CC002764,Clear writing and strong experimental results,"Clear writing and diverse experiments; Clear writing and strong experimental results; Thorough experiments and clear writing; Thorough experiments, clear writing, interesting results",5,5,5,2022; 2023,0,0,5,4.6,0.4
CC002779,Clear writing and strong motivation,Clear and well-motivated writing; Clear motivation and well-structured writing; Strong motivation and clear writing,3,3,3,2024,3,0,0,5.333333333333333,0.3333333333333333
CC002792,Clear writing and strong numerical results,Clear writing and strong numerical results,1,1,1,2024,1,0,0,3.0,1.0
CC002795,Clear writing and strong performance,Clear writing and significant performance gains; clear writing and strong performance,2,2,2,2023; 2024,1,0,1,5.0,0.0
CC002802,Clear writing and strong research question,Clear writing and significant research problem; Clear writing and strong research question,2,2,2,2023,0,0,2,4.5,0.5
CC002803,Clear writing and strong results,"Clear writing and strong results; valuable-results, clear-writing",2,2,2,2024; 2025,2,0,0,5.5,0.5
CC002810,Clear writing and strong theoretical foundation,Clear writing and strong empirical observations; Clear writing and strong theoretical analysis; Clear writing and strong theoretical results; Strong empirical and theoretical analysis; clear writing,4,4,4,2022; 2023; 2024,2,0,2,4.25,0.0
CC002812,Clear writing and strong theoretical insights,Clear writing and theoretical insights,1,1,1,2024,1,0,0,6.0,0.0
CC002817,Clear writing and structure,Clear writing and structure,1,1,1,2023,0,0,1,5.0,0.0
CC002844,Clear writing and thorough analysis,Clear writing and thorough analyses; Clear writing and thorough analysis; clear writing and comprehensive analysis,3,3,3,2022; 2023,0,0,3,6.666666666666667,1.0
CC002847,Clear writing and thorough evaluation,Clear writing and thorough evaluation; Clear writing and valuable evaluations,2,2,2,2022; 2024,1,0,1,4.0,0.0
CC002865,Clear writing and valuable analysis for future research,Clear writing and valuable analysis for future research,1,1,1,2024,1,0,0,5.0,1.0
CC002866,Clear writing and valuable benchmarks,Clear writing and strong benchmark evaluation,1,1,1,2024,1,0,0,5.0,0.0
CC002877,Clear writing and valuable visualizations,Clear writing and effective visualizations; Clear writing and valuable visualizations; Effective visualizations and clear writing,3,3,3,2023; 2024,2,0,1,4.666666666666667,0.3333333333333333
CC003008,Compare Optimization Methods,Compare Optimization Methods,1,1,1,2025,0,1,0,6.0,0.0
CC003254,Comprehensive benchmarking of RL algorithms,Proposed benchmarks for evaluating RL algorithms; Valuable benchmark for RL algorithm evaluation,2,2,2,2020; 2021,0,0,2,5.5,0.5
CC003317,Comprehensive experimental evaluation,Extensive evaluation and strong experimental results,1,1,1,2023,0,0,1,6.0,1.0
CC003401,Comprehensive study,Comprehensive studies,1,1,1,2025,1,0,0,5.0,0.0
CC003419,Comprehensive theoretical analysis,comprehensive theoretical analysis,1,1,1,2023,0,0,1,5.0,0.0
CC003786,Confusing organization and unclear contributions,Confusing organization and unclear contributions,1,1,1,2023,0,0,1,6.0,1.0
CC003841,Connection of graph convolutional networks and label propagation,Connection of graph convolutional networks and label propagation,1,1,1,2020,0,0,1,1.0,0.0
CC003924,Contribution to adversarial training understanding,Contribution to adversarial training understanding; Significant contributions to understanding adversarial training,2,2,2,2022,0,0,2,6.0,0.0
CC003951,Contributions on self-attention and equivariance,Novel insights on self-attention and equivariance,1,1,1,2023,0,0,1,5.0,0.0
CC004315,Detailed explanation and thorough experimental results,Detailed explanation and thorough experimental results; Detailed explanations and comprehensive experimental results,2,2,2,2023; 2024,1,0,1,6.0,0.5
CC004468,Diverse dataset experimentation,diverse-datasets-experimentation,1,1,1,2025,0,1,0,6.0,1.0
CC004790,Effective analysis of NAS methods,Innovative analysis of NAS methods and effective new evaluation approach,1,1,1,2021,0,0,1,7.0,1.0
CC004792,Effective analysis of SGD under label noise,Effective analysis of SGD under label noise; Strong results on SGD behavior and label noise,2,2,2,2021; 2022,0,0,2,7.0,0.5
CC004879,Effective approach for missing data modeling,Innovative approach to missing data modeling,1,1,1,2022,0,0,1,6.0,1.0
CC004939,Effective block-wise quantization with strong experimental validation,Effective block-wise quantization with strong experimental validation; Innovative block-level quantization approach with strong experimental validation,2,2,1,2021,0,0,2,7.5,1.0
CC005026,Effective data augmentation approach,Effective data augmentation approach; Effective data augmentation strategy; Efficient data augmentation method; Insightful theory on data augmentation effects; Novel approach to data augmentation and strong performance metrics,5,5,5,2020; 2022; 2023; 2024,1,0,4,5.4,0.2
CC005031,Effective data augmentation method for robustness,Effective data augmentation method for robustness; Robust data augmentation method with empirical validation,2,2,2,2020; 2021,0,0,2,3.5,0.0
CC005049,Effective defense against backdoor attacks,Effective defense against backdoor attacks,2,2,2,2022; 2023,0,0,2,4.0,0.0
CC005053,Effective defense against model stealing attacks,Effective defense against model stealing attacks; Promising defense against model stealing,2,2,2,2020; 2021,0,0,2,6.0,1.0
CC005103,Effective diverse sampling approach for GNNs,Effective diverse sampling approach for GNNs; Effective empirical evaluation of diverse sampling in GNNs,2,2,1,2021,0,0,2,3.5,0.0
CC005135,Effective enhancement of offline RL algorithms,Effective enhancement of offline RL algorithms; Performance enhancement for offline RL algorithms,2,2,2,2024,2,0,0,5.0,1.0
CC005290,Effective handling of data heterogeneity in federated learning,Effective handling of data heterogeneity in federated learning,1,1,1,2022,0,0,1,5.0,0.0
CC005440,Effective low-bit quantization technique,Effective low-bit quantization technique; Generalization of low-bit quantization methods,2,2,2,2020; 2021,0,0,2,5.5,0.5
CC005496,Effective method for disentangled representations,Effective algorithm for disentangled representation; Effective method for disentangled representations,2,2,2,2020,0,0,2,3.0,0.5
CC005560,Effective method with strong experimental validation,Effective and simple method with strong experimental validation,1,1,1,2023,0,0,1,3.0,0.0
CC005570,Effective methodology and clear presentation,Clear methodology and presentation; Effective methodology and clear presentation,2,2,2,2024,2,0,0,7.0,1.0
CC005582,Effective methods for transferable adversarial examples,Effective methods for transferable adversarial examples; Proposed effective methods for adversarial example transferability,2,2,1,2020,0,0,2,4.5,1.0
CC005853,Effective prompting strategies,Intuitive and effective prompting strategy,1,1,1,2024,1,0,0,8.0,1.0
CC005874,Effective rebuttal addressing concerns,Effective rebuttal addressing concerns,1,1,1,2021,0,0,1,7.0,1.0
CC005955,Effective separation of exploration and exploitation in meta-RL,Well-structured meta-RL approach with clear separation of exploration and exploitation,1,1,1,2021,0,0,1,7.0,0.0
CC005966,Effective simplicity and strong experimental validation,Effective simplicity and strong experimental validation,1,1,1,2023,0,0,1,6.0,1.0
CC006106,Effective unsupervised multi-view disentanglement,Novel framework for unsupervised multi-view disentanglement,1,1,1,2021,0,0,1,5.0,0.0
CC006192,Effective use of information bottleneck principle,novel application of information bottleneck principle,1,1,1,2024,1,0,0,3.0,0.0
CC006489,Efficient uncertainty quantification methodology,thorough analysis of uncertainty quantification methods,1,1,1,2024,1,0,0,1.0,0.0
CC006758,Engaging problem and clear presentation,engaging problem and clear presentation; engaging problem statement and clear presentation,2,2,2,2024,2,0,0,4.5,0.0
CC006804,Enhanced data augmentation for contrastive learning,Enhanced data augmentation for contrastive learning; Innovative data augmentation method for contrastive learning; New insights on contrastive learning and data augmentation,3,3,3,2021; 2022,0,0,3,6.0,0.3333333333333333
CC006827,Enhanced performance and clarity,Limited clarity and performance improvement,1,1,1,2024,0,1,0,8.0,1.0
CC006859,Enhances efficiency,Enhances efficiency,1,1,1,2025,1,0,0,5.0,1.0
CC007081,Exploration of deployment efficiency in RL,Exploration of deployment efficiency in RL,1,1,1,2021,0,0,1,8.0,1.0
CC007185,Exposition clarity issues,Lack of clarity and exposition; Lack of clarity and formal exposition,2,2,2,2024,0,2,0,5.0,0.0
CC007277,Extensive empirical study on multi-task learning,Extensive empirical study on multi-task learning; Theoretical and empirical contributions to multi-task learning,2,2,2,2020,0,0,2,6.0,0.5
CC007282,Extensive evaluation and strong performance,Extensive evaluation and strong performance; Strong performance and comprehensive evaluation,2,2,2,2024,2,0,0,5.0,0.0
CC007645,Focus on robustness to adversarial examples,Robustness to adversarial examples and overfitting insights,1,1,1,2021,0,0,1,8.0,1.0
CC007721,Foundational theory for attention mechanisms,Foundational theory for attention mechanisms,1,1,1,2021,0,0,1,8.0,1.0
CC007766,GAN-based text generation approach,GAN-based text generation approach; Innovative GAN-based text generation approach,2,2,2,2020; 2021,0,0,2,3.5,0.0
CC007834,Generalizability limits,Generalizability limits,1,1,1,2025,0,1,0,8.0,1.0
CC007861,Generalization and robustness concerns,Theoretical insights on generalization and robustness,1,1,1,2023,0,0,1,8.0,0.0
CC007868,Generalization bounds for GNNs,Generalization bounds for GNNs,1,1,1,2021,0,0,1,7.0,1.0
CC008023,Handling missing data effectively,Handling missing data effectively; Simplicity in handling missing data,2,2,2,2022; 2023,0,0,2,4.5,0.0
CC008213,High-quality writing and thorough analysis,High-quality writing and thorough analysis,1,1,1,2024,1,0,0,3.0,0.0
CC008293,Hyper-parameter optimization,novel approach to hyper-parameter optimization,1,1,1,2022,0,0,1,5.0,1.0
CC008309,Hyperparameter tuning issues,Hyperparameter tuning difficulty,1,1,1,2025,0,1,0,8.0,1.0
CC008397,Illuminating analysis of double descent phenomenon,Illuminating analysis of double descent phenomenon,1,1,1,2022,0,0,1,5.0,0.0
CC008615,Important problem,Important problem; important-problem,2,2,2,2025,2,0,0,1.0,0.0
CC008751,Improved accuracy and robustness without architecture changes,Improved accuracy and robustness without architecture changes,1,1,1,2022,0,0,1,5.0,0.0
CC008761,Improved adversarial defense method,Effective adversarial defense method,1,1,1,2020,0,0,1,3.0,0.0
CC008857,Improved generalization through regularization,Effective regularization technique for improved generalization; Improved generalization through regularization,2,2,2,2020; 2021,0,0,2,4.0,0.0
CC008987,Improved theoretical analysis of double Q-learning,Improved theoretical analysis of double Q-learning; Introduction of a new Double Q-learning variant with improved performance,2,2,2,2021,0,0,2,5.5,0.0
CC009035,Improvement of batch normalization through skewness reduction,Proposed nonlinearity in batch normalization to reduce skewness,1,1,1,2020,0,0,1,3.0,0.0
CC009038,Improvement of regularization in meta-learning,Improvement of regularization in meta-learning,1,1,1,2021,0,0,1,4.0,0.0
CC009065,Improves accuracy-latency trade-off,Effective latency-accuracy trade-off; Improves accuracy-latency trade-off,2,2,2,2023; 2025,1,0,1,4.0,0.0
CC009118,In-depth exploration of lottery ticket hypothesis,In-depth exploration of lottery ticket hypothesis,1,1,1,2020,0,0,1,3.0,0.0
CC009222,Incomplete literature review,incomplete-literature-review,1,1,1,2025,0,1,0,1.0,0.0
CC009286,Incorporation of expert knowledge in Bayesian optimization,Incorporation of expert knowledge in Bayesian optimization; Novel method for incorporating expert knowledge in Bayesian Optimization,2,2,1,2021,0,0,2,7.0,0.0
CC009326,Incremental contribution and lack of novelty,Incremental contribution with limited novelty; Incremental contributions and limited novelty; Limited novelty and incremental contribution,3,3,3,2024,0,3,0,4.333333333333333,0.0
CC009327,Incremental contribution and limited applicability,Incremental contribution and limited applicability,1,1,1,2024,0,1,0,3.0,1.0
CC009434,Innovative 3D molecule generation approach,Innovative 3D molecule generation approach; Innovative approach to 3D molecular generation,2,2,2,2023; 2024,1,0,1,5.5,0.5
CC009578,Innovative GAN approach using quantile regression,Innovative GAN approach using quantile regression,1,1,1,2021,0,0,1,5.0,0.0
CC009720,Innovative MI gradient estimation approach,Innovative MI gradient estimation approach; Innovative MI gradient estimation model with strong experimental results,2,2,1,2020,0,0,2,4.5,1.0
CC009774,Innovative Neural Architecture Search approach,Innovative Neural Architecture Search approach,1,1,1,2020,0,0,1,3.0,0.0
CC009889,Innovative Transformer model with superior performance,Innovative Transformer model with superior performance,1,1,1,2024,1,0,0,3.0,0.0
CC009975,Innovative adversarial attack methods,Innovative attack method for adversarial examples; Innovative framework for adversarial defense,2,2,2,2020; 2022,0,0,2,4.5,0.0
CC009993,Innovative adversarial training approach,Innovative adversarial training approach; Innovative approach to adversarial training; novel approach to adversarial training,3,3,3,2020; 2022; 2023,0,0,3,5.666666666666667,1.0
CC010042,Innovative algorithm for synthetic data generation,Innovative synthetic data generation algorithm with empirical evaluations,1,1,1,2021,0,0,1,4.0,0.0
CC010055,Innovative algorithm with near-optimal regret,Innovative algorithm with near-optimal regret,1,1,1,2024,1,0,0,5.0,0.0
CC010084,Innovative algorithms with strong sample complexity,Innovative algorithms with strong sample complexity,1,1,1,2023,0,0,1,3.0,0.0
CC010101,Innovative analysis of SGD dynamics,Novel analysis framework for SGD dynamics,1,1,1,2022,0,0,1,8.0,1.0
CC010140,Innovative and effective message-passing approach,Innovative and effective message-passing approach,1,1,1,2024,1,0,0,5.0,0.0
CC010191,Innovative application of denoising diffusion models,Innovative application of denoising diffusion models,1,1,1,2023,0,0,1,6.0,1.0
CC010289,Innovative approach to GNN architecture,Innovative GNN architecture with clear presentation and rigorous experiments; Innovative GNN architecture with improved efficiency and interpretability,2,2,2,2020; 2021,0,0,2,5.5,0.5
CC010301,Innovative approach to OOD generalization,Innovative approach for OOD generalization,1,1,1,2022,0,0,1,3.0,0.0
CC010323,Innovative approach to adversarial robustness,Effective adversarial robustness approach; Need for robustness analysis and adversarial discussion; Novel approach to adversarial robustness; Novel insights and effective methods for adversarial robustness; thorough investigation of adversarial robustness,5,5,5,2021; 2022; 2024,2,1,2,6.4,0.4
CC010341,Innovative approach to catastrophic forgetting,Effective method for catastrophic forgetting; Innovative approach to mitigate catastrophic forgetting; Innovative solution to catastrophic forgetting with strong experimental results,3,3,3,2021; 2022; 2024,1,0,2,4.666666666666667,0.0
CC010343,Innovative approach to causal discovery,Encourages innovative approaches in causal discovery,1,1,1,2023,0,0,1,5.0,1.0
CC010350,Innovative approach to class imbalance,Innovative approach to class imbalance,1,1,1,2023,0,0,1,6.0,1.0
CC010409,Innovative approach to domain adaptation,Innovative domain adaptation method with improved performance,1,1,1,2020,0,0,1,3.0,0.0
CC010415,Innovative approach to dynamic graphs,Innovative approach to dynamic graphs,2,2,2,2024,2,0,0,4.0,0.5
CC010631,Innovative approach to prioritized experience replay,Innovative approach to prioritized experience replay; Thorough exploration of prioritized experience replay,2,2,1,2021,0,0,2,4.5,0.0
CC010703,Innovative approach to task-free continual learning,Innovative approach to task-free continual learning,1,1,1,2023,0,0,1,3.0,0.0
CC010724,Innovative approach to transformer efficiency,Innovative approach to transformer efficiency,1,1,1,2022,0,0,1,5.0,0.0
CC010737,Innovative approach to unsupervised 3D segmentation,novel unsupervised 3D segmentation approach,1,1,1,2021,0,0,1,6.0,1.0
CC010796,Innovative approach with comprehensive experiments,Innovative methodology with comprehensive experiments,1,1,1,2024,1,0,0,1.0,0.0
CC010831,Innovative approach with strong experimental results,Innovative approach with significant experimental results,1,1,1,2024,1,0,0,6.0,0.0
CC010832,Innovative approach with strong experimental validation,Innovative approach with strong experimental validation,1,1,1,2024,1,0,0,6.0,1.0
CC010838,Innovative approach with strong results,Innovative approach with promising results,2,2,2,2023; 2024,1,0,1,5.0,0.0
CC010850,Innovative approaches in federated learning,Effective federated learning method with strong results; Innovative strategies for federated learning; Novel approach to federated learning with theoretical validation; novel federated learning approach and clear experimental results,4,4,4,2020; 2023; 2024,1,0,3,5.25,0.5
CC010855,Innovative approaches to robust constrained MDPs,Novel integration of Robust and Constrained MDPs,1,1,1,2021,0,0,1,4.0,0.0
CC010977,Innovative benchmark for LLM reasoning,Contribution to advanced LLM reasoning benchmarks,1,1,1,2024,1,0,0,5.0,0.0
CC010980,Innovative benchmark for few-shot classification,Addresses a critical gap in few-shot classification benchmarks,1,1,1,2023,0,0,1,3.0,1.0
CC010988,Innovative benchmarks for continual learning,Innovative benchmarks for continual learning,1,1,1,2021,0,0,1,6.0,1.0
CC011115,Innovative combined dataset for LLM evaluation,Innovative combined dataset for LLM evaluation; Innovative dataset and methodology for LLM evaluation,2,2,2,2024,2,0,0,6.5,0.5
CC011335,Innovative deep learning approach for eigenvalue problems,Innovative deep learning approach for eigenvalue problems,1,1,1,2021,0,0,1,4.0,0.0
CC011359,Innovative denoising approach with promising results,Innovative denoising approach with promising results; Innovative denoising method with strong empirical results,2,2,2,2024,2,0,0,6.5,1.0
CC011411,Innovative disentangled representation learning,Innovative disentangled representation learning; Innovative hierarchical disentangled representation learning; novel approach to disentangled representation learning with hierarchical structure,3,3,3,2020; 2023,0,0,3,7.333333333333333,0.6666666666666666
CC011419,Innovative distillation method with strong results,Innovative distillation method with strong documentation and valid results; Innovative distillation method with strong results,2,2,2,2020; 2024,1,0,1,4.5,0.0
CC011511,Innovative energy-based model training approach,Innovative energy-based model training approach; Innovative training techniques for energy-based models,2,2,2,2020; 2021,0,0,2,5.5,0.0
CC011593,Innovative exploration method in Deep RL,Clear empirical study on exploration methods in deep RL; Effective exploration strategy in deep RL,2,2,2,2020; 2021,0,0,2,6.5,1.0
CC011596,Innovative exploration methods and empirical success,Innovative exploration algorithm with strong theoretical foundation,1,1,1,2020,0,0,1,1.0,0.0
CC011618,Innovative exploration strategy for sparse rewards,Innovative exploration strategy for sparse rewards; Innovative method for exploration in sparse reward environments,2,2,2,2020; 2021,0,0,2,3.5,0.0
CC011691,Innovative federated continual learning framework,Innovative approach to continual federated learning; Innovative federated continual learning framework,2,2,2,2021; 2023,0,0,2,6.5,0.5
CC011789,Innovative framework for continual learning,Effective continual learning approach with strong benchmark performance; Effective continual learning method with strong experimental design; Innovative approach to continual learning; Innovative continual learning approach with strong performance; Innovative continual learning method with improved performance,5,5,5,2020; 2021; 2023,0,0,5,4.6,0.2
CC011827,Innovative framework for optimization,Innovative framework for optimization,1,1,1,2024,1,0,0,3.0,1.0
CC011929,Innovative gradient-based meta-learning method,Innovative gradient-based meta-learning method; Innovative meta-learning approach using second order gradients,2,2,2,2020; 2021,0,0,2,5.0,0.5
CC011958,Innovative graph pooling methods proposed,Effective graph pooling methods with performance improvements; Innovative graph pooling approach with promising results; Innovative graph pooling methods proposed,3,3,2,2021,0,0,3,4.333333333333333,0.5
CC012047,Innovative hypothesis testing in RL,Innovative hypothesis testing in RL,1,1,1,2021,0,0,1,3.0,0.0
CC012280,Innovative learnable activation function,Innovative learnable activation function,1,1,1,2020,0,0,1,6.0,1.0
CC012431,Innovative meta-learning approach with empirical validation,Effective meta-learning approach with strong experimental support; Innovative meta-learning approach with empirical validation,2,2,2,2020; 2022,0,0,2,6.5,1.0
CC012439,Innovative meta-learning method for adaptive loss functions,Innovative meta-learning method with generalizable loss function,1,1,1,2020,0,0,1,3.0,0.0
CC012446,Innovative method,innovative method,1,1,1,2025,1,0,0,5.0,1.0
CC012594,Innovative method with strong empirical results,Innovative methods and positive empirical results,1,1,1,2023,0,0,1,8.0,0.0
CC012595,Innovative method with strong evaluation,Innovative method with strong evaluation,1,1,1,2024,1,0,0,8.0,1.0
CC012644,Innovative methods for model interpretability,Innovative evaluation method for model interpretability,1,1,1,2021,0,0,1,5.0,0.0
CC012645,Innovative methods for off-policy evaluation,Innovative methods for off-policy evaluation,1,1,1,2020,0,0,1,6.0,0.0
CC012802,Innovative multi-agent reinforcement learning approach,Innovative multi-agent reinforcement learning approach; promising method for multi-agent reinforcement learning,2,2,2,2020; 2024,1,0,1,3.0,0.5
CC012872,Innovative multi-task learning with attention mechanism,Innovative multi-task learning approach with attention mechanism; Innovative multi-task learning with attention mechanism,2,2,1,2020,0,0,2,3.0,0.0
CC012958,Innovative neural network approach for PDEs,Innovative neural network approach for PDEs,1,1,1,2021,0,0,1,5.0,1.0
CC013313,Innovative pruning method with regularization and empirical validation,Innovative pruning method with regularization and empirical validation,1,1,1,2021,0,0,1,7.0,1.0
CC013329,Innovative quantization techniques and theoretical insights,Innovative quantization framework with strong theoretical foundation; Innovative quantization method with strong experimental support; Innovative quantization techniques and theoretical insights; novel quantization technique with theoretical analysis and extensive experiments,4,4,4,2020; 2021; 2023; 2024,1,0,3,7.0,0.5
CC013349,Innovative recognition-aware image processing concept,Innovative recognition-aware image processing approach,1,1,1,2021,0,0,1,5.0,0.0
CC013381,Innovative regularizers for adversarial robustness,Adversarial robustness with novel regularization approach; Innovative regularization technique for adversarial robustness,2,2,2,2020,0,0,2,4.5,0.0
CC013403,Innovative reparameterization concept,Innovative reparameterization concept,1,1,1,2022,0,0,1,1.0,0.0
CC013426,Innovative resource-efficient neural architecture search,Innovative resource-efficient neural architecture search,1,1,1,2020,0,0,1,3.0,0.0
CC013458,Innovative saliency map generation method,Innovative saliency map generation method,1,1,1,2020,0,0,1,3.0,0.0
CC013534,Innovative self-supervised learning approach,Innovative strategies in self-supervised learning,1,1,1,2024,1,0,0,5.0,0.0
CC013572,Innovative semi-supervised learning approach with strong empirical results,Innovative semi-supervised learning approach with strong empirical support,1,1,1,2024,1,0,0,8.0,1.0
CC013643,Innovative solution to spurious correlations,Innovative solution to spurious correlations,1,1,1,2023,0,0,1,6.0,1.0
CC013811,Innovative techniques for post-training quantization,Innovative post-training quantization methods with promising results; Innovative techniques for post-training quantization,2,2,2,2021,0,0,2,4.0,0.0
CC013837,Innovative test time training for adversarial robustness,Innovative test time training for adversarial robustness,1,1,1,2023,0,0,1,5.0,0.0
CC013907,Innovative training approach and strong results,Innovative training approach and strong results,1,1,1,2022,0,0,1,8.0,1.0
CC013947,Innovative transfer learning approach,Innovative transfer learning approach,1,1,1,2021,0,0,1,6.0,0.0
CC013965,Innovative treatment effect estimation method,novel methodology for treatment effect estimation,1,1,1,2024,1,0,0,8.0,1.0
CC014005,Innovative uncertainty estimation technique,Innovative uncertainty estimation method with strong experimental results,1,1,1,2020,0,0,1,6.0,1.0
CC014030,Innovative unsupervised denoising approach with promising results,Novel contribution with effective unsupervised denoising approach,1,1,1,2021,0,0,1,8.0,1.0
CC014031,Innovative unsupervised domain adaptation approach,Innovative unsupervised domain adaptation method with stable and interpretable results; Practical contribution to unsupervised domain adaptation,2,2,2,2020; 2022,0,0,2,4.5,0.5
CC014035,Innovative unsupervised graph representation method,Innovative unsupervised graph representation method,1,1,1,2020,0,0,1,6.0,0.0
CC014204,Innovative use of conditional diffusion model; diverse experimental applications,Innovative use of conditional diffusion model; diverse experimental applications; Novel use of conditional diffusion models and comprehensive experimental results,2,2,2,2023,0,0,2,5.5,0.0
CC014362,Innovative use of topic modeling in survival analysis,Innovative approach to survival analysis with topic models; Innovative use of topic modeling in survival analysis,2,2,1,2020,0,0,2,3.0,0.0
CC014366,Innovative use of transformer architectures,Innovative use of transformer architectures,1,1,1,2024,1,0,0,6.0,1.0
CC014461,Innovative zero-cost proxies for NAS,Innovative combination of zero-cost proxies and differentiable NAS; Innovative zero-cost proxies for NAS,2,2,2,2021; 2022,0,0,2,7.5,0.5
CC014465,Innovative zero-shot learning approach,Innovative zero-shot learning approach; Practical relevance of problem and exploration of generalized zero-shot learning,2,2,2,2020; 2022,0,0,2,3.0,0.0
CC014669,Insufficient ablation studies,Insufficient limitation discussion and lack of ablation studies; Lack of ablations and experimental limitations; Limited scope of ablation studies; insufficient ablation; thorough ablation studies,5,5,5,2024; 2025,1,4,0,6.6,0.6
CC014672,Insufficient analysis and comparison,Insufficient analysis and comparison,1,1,1,2024,0,1,0,6.0,0.0
CC014690,Insufficient baseline comparisons,Lack of validation and baseline comparisons; baselines comparison; baselines\_comparison; comparison-baselines; inadequate-baseline-comparisons,5,5,5,2024; 2025,1,4,0,5.2,0.0
CC014691,Insufficient baselines,Insufficient baselines,1,1,1,2025,0,1,0,5.0,0.0
CC014740,Insufficient detail and evaluation,Insufficient detail and evaluation,1,1,1,2024,0,1,0,5.0,0.0
CC014764,Insufficient empirical support for claims,Lack of empirical support for claims,1,1,1,2024,0,1,0,5.0,0.0
CC014768,Insufficient evaluation and analysis,Insufficient evaluation; insufficient evaluation,2,2,2,2025,0,2,0,4.5,0.5
CC014778,Insufficient evidence and analysis,Insufficient evidence and analysis,1,1,1,2024,0,1,0,6.0,1.0
CC014788,Insufficient evidence for performance claims,Insufficient evidence for performance claims,2,2,2,2024,0,2,0,5.5,0.5
CC014801,Insufficient experimental evidence,Insufficient experimental evidence,1,1,1,2024,0,1,0,5.0,0.0
CC014806,Insufficient experimental rigor,Insufficient experimental rigor,1,1,1,2024,0,1,0,5.0,0.0
CC014811,Insufficient experimental validation,Experiments lack clarity; Insufficient experimental support and clarity issues; Lack of clarity and experimental rigor; Lack of clarity and thoroughness in experiments; Poor clarity and insufficient experimental details,5,5,5,2024,0,5,0,4.2,0.4
CC014812,Insufficient experimental validation and comparisons,Insufficient experimental validation and comparisons,1,1,1,2024,0,1,0,6.0,0.0
CC014860,Insufficient justification for claims,Insufficient justification for claims,1,1,1,2024,0,1,0,3.0,0.0
CC014885,Insufficient method description and limited empirical evaluation,Unclear method description and insufficient empirical evaluation,1,1,1,2024,0,1,0,3.0,0.0
CC014947,Insufficient theoretical and experimental support,Insufficient theoretical and experimental support,1,1,1,2022,0,0,1,5.0,1.0
CC015292,Interesting idea with empirical results,Interesting idea with strong empirical results,1,1,1,2023,0,0,1,6.0,0.0
CC015356,Interesting problem and effective algorithm,Interesting problem and effective algorithm; Interesting problem and effective algorithm performance,2,2,2,2023,0,0,2,5.0,0.5
CC015477,Interesting topic and solid experiment,Interesting topic and solid experiment,1,1,1,2024,1,0,0,5.0,1.0
CC015730,Introduction of innovative pretraining tasks,Innovative pretraining task and strong experimental results,1,1,1,2022,0,0,1,6.0,1.0
CC015810,Intuitive and effective methods,"Intuitive, effective, and simple method",1,1,1,2024,1,0,0,5.0,0.0
CC015873,Intuitive method and strong performance,Intuitive method with performance improvement,1,1,1,2022,0,0,1,3.0,0.0
CC015888,Intuitive methods with strong experimental validation,Intuitive method with effective experimental validation,1,1,1,2024,1,0,0,8.0,1.0
CC016194,Lack of benchmark clarity,Insufficient benchmarking and clarity; Insufficient benchmarking and comparison; Lack of clarity and benchmarking; Lacks challenging benchmarks and clarity,4,4,4,2024,0,4,0,5.0,0.25
CC016208,Lack of clarity and accessibility,Lack of clarity and accessibility,1,1,1,2024,0,1,0,5.0,0.0
CC016211,Lack of clarity and analysis,Lack of clarity and incomplete analysis; Lack of detailed analysis,2,2,2,2024,0,2,0,6.0,0.5
CC016216,Lack of clarity and coherence,Lack of clarity and coherence,2,2,2,2024,0,2,0,5.5,0.5
CC016223,Lack of clarity and comparisons,Lack of clarity and insufficient comparisons,1,1,1,2024,0,1,0,5.0,0.0
CC016238,Lack of clarity and definitions,Lack of clarity and definitions; Lack of clarity and definitions in key terms; Lack of clarity and examples in definitions; Lack of clarity in terminology,4,4,4,2024,0,4,0,5.5,0.25
CC016241,Lack of clarity and depth in analysis,Lack of clarity and depth in analysis and evaluation,1,1,1,2024,0,1,0,3.0,0.0
CC016247,Lack of clarity and detail,Insufficient detail and clarity,1,1,1,2024,0,1,0,6.0,0.0
CC016254,Lack of clarity and detail in explanations,Lack of clarity and detail in explanations; Lack of clarity and explanation,3,3,3,2024,0,3,0,5.666666666666667,0.0
CC016258,Lack of clarity and detail in methodology,Lack of clarity and completeness in methodology and definitions; Lack of clarity and context in methodology and results; Lack of clarity and justification in methodology; Lack of clarity and justification in methodology and results; Lack of detail and clarity in evaluation criteria,5,5,5,2024,0,5,0,4.6,0.2
CC016266,Lack of clarity and empirical support,Insufficient empirical data and analysis; Lack of clarity and empirical evaluation; Lack of clarity and empirical support; Lack of clarity in empirical evaluation and theoretical limitations,5,5,5,2022; 2024,0,4,1,5.4,0.8
CC016267,Lack of clarity and empirical validation,Lack of clarity and empirical validation; Lack of empirical validation and clarity,2,2,2,2024,0,2,0,6.5,0.5
CC016277,Lack of clarity and fairness in comparisons,Lack of clarity and unfair comparisons,1,1,1,2024,0,1,0,6.0,0.0
CC016281,Lack of clarity and generalizability,Lack of clarity and generalizability,1,1,1,2024,0,1,0,6.0,0.0
CC016297,Lack of clarity and justification in claims,Lack of clarity and justification in claims; Lack of clarity and validation in claims,2,2,2,2024,0,2,0,5.5,0.5
CC016320,Lack of clarity and model evaluation,Lack of clarity and model evaluation; Lack of clarity in model design and evaluation,2,2,2,2024,0,2,0,4.5,0.0
CC016324,Lack of clarity and motivation in model design,Lack of clarity and motivation in model design,1,1,1,2024,0,1,0,5.0,0.0
CC016331,Lack of clarity and organization,Lack of clarity and organization; Poor organization and clarity,2,2,2,2024,0,2,0,4.0,0.0
CC016335,Overfitting issues,Lack of clarity and overfitting issues,1,1,1,2024,0,1,0,3.0,0.0
CC016351,Lack of clarity and reproducibility,Lack of clarity and reproducibility issues,1,1,1,2024,0,1,0,6.0,1.0
CC016352,Lack of clarity and rigor,Lack of clarity and rigor,1,1,1,2024,0,1,0,3.0,0.0
CC016357,Lack of clarity and rigor in writing and experiments,Lack of clarity and rigor in writing and experiments,2,2,2,2022; 2024,0,1,1,3.5,0.0
CC016360,Lack of clarity and significance in contributions,Lack of clarity and grounding in contributions; Lack of clarity in contributions and methods; Lack of significant contribution and clarity,3,3,3,2024,0,3,0,6.0,0.3333333333333333
CC016362,Lack of clarity and structure,Lack of clarity and structure,1,1,1,2024,0,1,0,5.0,0.0
CC016366,Lack of clarity and theoretical guarantees,Lack of clarity and theoretical guarantees,1,1,1,2024,0,1,0,1.0,0.0
CC016386,Lack of clarity in algorithm description,Lack of algorithmic clarity,1,1,1,2024,0,1,0,8.0,1.0
CC016390,Lack of clarity in algorithm presentation,Lack of clarity in algorithm presentation,2,2,2,2024,0,2,0,7.0,0.5
CC016405,Lack of clarity in comparisons and assumptions,Lack of clarity in comparisons and assumptions,1,1,1,2024,0,1,0,5.0,0.0
CC016451,Lack of clarity in figures and methodology,Lack of clarity and detail in methodology and figures,1,1,1,2024,0,1,0,6.0,0.0
CC016463,Lack of clarity in key concepts,Lack of clarity and detail in key concepts; Poor clarity and explanation of key concepts,2,2,2,2024,0,2,0,4.0,0.0
CC016470,Lack of clarity in method description,Lack of clarity in method description,1,1,1,2024,0,1,0,6.0,0.0
CC016473,Lack of clarity in method explanation,Insufficient analysis and justification of methods; Insufficient method clarity and justification; Lack of detail and clarity in methods,3,3,3,2024,0,3,0,5.0,0.0
CC016491,Lack of clarity in model training and details,Lack of clarity in model details and training stages,1,1,1,2024,0,1,0,5.0,0.0
CC016518,Unclear problem formulation,Lack of clarity in problem formulation and methodology,1,1,1,2024,0,1,0,5.0,0.0
CC016522,Lack of clarity in proofs,Lack of clarity and correctness in proofs,1,1,1,2024,0,1,0,6.0,1.0
CC016529,Lack of clarity in results presentation,Lack of clarity in results presentation,1,1,1,2024,0,1,0,6.0,1.0
CC016542,Lack of clarity in theoretical analysis and experimental details,Lack of clarity in theoretical analysis and experimental details,1,1,1,2024,0,1,0,5.0,0.0
CC016552,Lack of clarity in writing and methodology,Lack of clarity and completeness in writing and methodology; Lack of clarity and rigor in writing and methodology,2,2,2,2024,0,2,0,4.0,0.0
CC016644,Lack of clear motivation and application for results,Lack of clear motivation and application for results,1,1,1,2024,0,1,0,5.0,0.0
CC016660,Lack of comparative analysis and limited technical contribution,Lack of comparative analysis and limited technical contribution; Limited technical contribution and lack of comparative analysis,2,2,2,2024,0,2,0,4.5,0.5
CC016670,Lack of comparative analysis with existing methods,Lack of comparative analysis; Lack of comparative analysis and clarity; Lack of comparative analysis and examples,3,3,3,2024,0,3,0,5.333333333333333,0.6666666666666666
CC016689,Lack of comparison with existing methods,Lack of comparison between methods; Lack of comprehensive method comparison,2,2,2,2024,0,2,0,6.5,0.5
CC016697,Lack of comparison with state-of-the-art methods,State-of-the-art methods,1,1,1,2025,1,0,0,3.0,1.0
CC016710,Lack of comprehensive evaluation,Lack of detailed analysis and comprehensive evaluation,1,1,1,2024,0,1,0,8.0,1.0
CC016723,Lack of computational cost analysis,Lack of computational cost analysis and theoretical framework,1,1,1,2024,0,1,0,6.0,0.0
CC016794,Lack of detailed performance comparisons,Lack of comprehensive comparisons and unclear performance improvements,1,1,1,2024,0,1,0,6.0,1.0
CC016809,Lack of discussion on limitations,Limitations discussion,1,1,1,2025,0,1,0,6.0,1.0
CC016838,Lack of empirical evidence,Lack of empirical evidence,1,1,1,2024,0,1,0,6.0,0.0
CC016839,Lack of empirical evidence and comparisons,Lack of empirical evidence and comparisons,2,2,2,2024,0,2,0,6.5,0.5
CC016843,Lack of empirical support,Lack of empirical and theoretical support; Lack of empirical support and theoretical justification; lack of empirical support,3,3,3,2024,0,3,0,5.333333333333333,0.6666666666666666
CC016884,Lack of experimental validation,Lack of comprehensive experimental validation,1,1,1,2024,0,1,0,6.0,1.0
CC016894,Lack of experiments and benchmarks,Lack of analysis and benchmark experiments,1,1,1,2024,0,1,0,3.0,0.0
CC016943,Lack of innovation and outdated methods,Lack of innovation and outdated methods,1,1,1,2024,0,1,0,3.0,0.0
CC017044,Lack of novelty & robustness,Lack of novelty & robustness; Limited novelty and robustness concerns,2,2,2,2024; 2025,0,2,0,3.0,0.0
CC017045,Lack of novelty and benchmarking,Limited novelty and benchmarking,1,1,1,2024,0,1,0,3.0,0.0
CC017046,Lack of novelty and citation issues,Lack of novelty and citation issues,1,1,1,2024,0,1,0,3.0,0.0
CC017055,Lack of novelty and clarity in methodology,Lack of clarity in novelty and contributions; Lack of clarity in novelty and method description; Limited novelty and missing experimental details; novelty_contributions; theoretical novelty,5,5,5,2022; 2024; 2025,2,2,1,6.2,0.6
CC017071,Lack of novelty and depth in analysis,Lack of novelty and depth in analysis,1,1,1,2024,0,1,0,5.0,1.0
CC017074,Lack of novelty and efficiency concerns,Lack of novelty and efficiency concerns,1,1,1,2024,0,1,0,6.0,1.0
CC017094,Lack of novelty and marginal contribution,Marginal novelty and unclear contributions,1,1,1,2024,0,1,0,6.0,0.0
CC017096,Lack of novelty and missing baselines,Lack of novelty and insufficient baselines; missing baseline and lack of novelty,2,2,2,2024,0,2,0,6.0,1.0
CC017101,Lack of novelty and scalability concerns,Limited novelty and scalability issues,1,1,1,2024,0,1,0,6.0,1.0
CC017111,Lack of novelty in algorithm design,Lack of novelty in algorithm design,1,1,1,2024,0,1,0,5.0,1.0
CC017132,Lack of originality and clarity in methodology,Lack of clarity and originality in methodology,1,1,1,2024,0,1,0,3.0,0.0
CC017144,Lack of originality and experimental evidence,lack of originality and insufficient experimental evidence,1,1,1,2024,0,1,0,5.0,1.0
CC017169,Lack of practical application examples,Lack of practical application; Lack of practical application examples,2,2,2,2024,0,2,0,6.0,0.5
CC017236,Lack of rigor in theoretical framework,Lack of rigor and practicality in theoretical framework; Lack of rigor in theoretical framework,2,2,2,2024,0,2,0,5.5,0.0
CC017268,Lack of statistical analysis,Lack of statistical analysis,1,1,1,2024,0,1,0,8.0,1.0
CC017289,Lack of technical novelty and clarity,Lack of clarity and technical novelty; Lack of technical novelty and clarity,2,2,2,2024,0,2,0,5.0,0.5
CC017314,Lack of theoretical guarantees,Lack of theoretical guarantees,1,1,1,2025,0,1,0,5.0,0.0
CC017326,Lack of theoretical justification for methods,Lack of theoretical justification for method,1,1,1,2024,0,1,0,6.0,0.0
CC017583,Limitations in scalability and applicability,Questions on scalability and applicability,1,1,1,2024,0,1,0,6.0,0.0
CC017643,Limited applicability,Limited applicability,1,1,1,2025,0,1,0,3.0,0.0
CC017733,Limited comparisons,Limited comparisons,1,1,1,2025,0,1,0,6.0,1.0
CC017747,Limited contribution,limited contribution,1,1,1,2024,0,1,0,6.0,1.0
CC017784,Limited dataset and lack of comparative analysis,Lack of comparative analysis and limited dataset scope,1,1,1,2024,0,1,0,5.0,0.0
CC017786,Limited dataset and model scope,Limited dataset and model scope; Limited model and dataset scope,2,2,2,2024,0,2,0,6.5,0.5
CC017790,Limited dataset applicability,Limited dataset applicability,1,1,1,2024,0,1,0,6.0,0.0
CC017795,Limited dataset diversity,Dataset diversity; Limited dataset diversity and size,2,2,2,2024; 2025,0,2,0,8.0,0.5
CC017859,Limited empirical validation,Limited empirical validation and applicability; limited empirical validation,2,2,2,2024; 2025,0,2,0,7.0,1.0
CC017877,Limited evaluation scope,Limited evaluation scope and comparison; Limited-scope-evaluation; limited-scope-evaluation,3,3,3,2024; 2025,0,3,0,7.333333333333333,1.0
CC017882,Limited evaluation scope and dataset,Limited dataset evaluation scope,1,1,1,2024,0,1,0,8.0,1.0
CC017894,Limited experimental comparisons,Limited experiments and comparisons,2,2,2,2024,0,2,0,6.5,0.5
CC017904,Limited experimental results,Limited experimental results,1,1,1,2024,0,1,0,8.0,1.0
CC017906,Limited experimental scope,"Limited experimental scope and applicability; Limited scope, simple experiments; limited-scope-experiments",3,3,3,2024; 2025,0,3,0,5.666666666666667,0.3333333333333333
CC017907,Limited experimental scope and clarity issues,Limited experimental scope and clarity,1,1,1,2024,0,1,0,3.0,0.0
CC017910,Limited experimental scope and generalizability,Limited experimental scope and generalizability,1,1,1,2024,0,1,0,5.0,1.0
CC017921,Limited experimental validation and comparison,Limited experimental validation and comparison,1,1,1,2024,0,1,0,3.0,0.0
CC017925,Limited experimental validity and clarity,Limited experimental validity and clarity,1,1,1,2024,0,1,0,3.0,0.0
CC017974,Limited generalizability of findings,Limited generalizability of findings,1,1,1,2024,0,1,0,8.0,1.0
CC018052,Limited model evaluation scope,Limited model evaluation scope,1,1,1,2024,0,1,0,6.0,0.0
CC018071,Limited novelty,Limited novelty; Limited-novelty; limited novelty,3,3,3,2024; 2025,0,3,0,4.666666666666667,0.0
CC018073,Limited novelty and adaptability,Limited novelty and adaptability concerns,1,1,1,2024,0,1,0,5.0,0.0
CC018085,Limited novelty and dataset concerns,Concerns about novelty and dataset choice; Limited novelty and dataset concerns,2,2,2,2022; 2024,0,1,1,3.0,0.0
CC018086,Limited novelty and depth in evaluation,Lack of novelty and depth in evaluation,1,1,1,2024,0,1,0,3.0,0.0
CC018088,Limited novelty and experimental gaps,Limited novelty and experimental gaps,1,1,1,2024,0,1,0,6.0,0.0
CC018111,Limited novelty and performance concerns,Limited novelty and performance concerns; Novelty and strong performance,2,2,2,2023; 2024,0,1,1,5.5,0.0
CC018116,Limited novelty and reliance on prior work,Lack of novelty and similarity to prior work,1,1,1,2024,0,1,0,1.0,0.0
CC018123,Limited novelty and strong assumptions,Lack of novelty and reliance on assumptions; Limited novelty and restrictive assumptions; Limited novelty and strong assumptions,3,3,3,2024,0,3,0,4.666666666666667,0.6666666666666666
CC018135,Limited novelty and unclear motivation,Lack of clarity and novelty in motivation and methods; Lack of clarity in motivation and terminology; Lack of motivation and novelty; Lack of novelty and unclear motivation,4,4,4,2024,0,4,0,5.0,0.25
CC018138,Limited novelty and unclear presentation,Lack of novelty and unclear presentation; Limited novelty and clarity in presentation; Limited novelty and inadequate presentation; novelty and clarity in presentation,4,4,4,2022; 2024,1,2,1,4.75,0.5
CC018190,Limited performance improvements,Limited performance improvements,1,1,1,2024,0,1,0,6.0,1.0
CC018241,Limited scalability,Limited scalability,1,1,1,2025,0,1,0,8.0,1.0
CC018256,Limited scope and comparisons,limited scope and comparisons,1,1,1,2024,0,1,0,3.0,0.0
CC018261,Limited scope and insufficient evaluation,Limited evaluation scope and insufficient analysis,1,1,1,2024,0,1,0,5.0,0.0
CC018314,Limited tasks,limited tasks,1,1,1,2025,0,1,0,6.0,0.0
CC018317,Limited technical contribution and comparisons,Limited technical contribution and insufficient comparisons,1,1,1,2024,0,1,0,6.0,1.0
CC018379,Limited understanding,Limited understanding,1,1,1,2025,0,1,0,3.0,0.0
CC018543,Marginal improvements and weak motivation,Marginal improvements and unclear motivation,1,1,1,2024,0,1,0,6.0,1.0
CC018685,Methodological concerns and clarity issues,Methodological clarity issues; methodological clarity,2,2,2,2024; 2025,1,1,0,4.5,0.5
CC018698,Methodological limitations and clarity issues,Methodological limitations and clarity issues,1,1,1,2024,0,1,0,8.0,1.0
CC018736,Minimal weaknesses identified,Limited identified weaknesses; Limited weaknesses identified; Minimal weaknesses identified; minimal weaknesses identified,4,4,4,2024,0,4,0,7.0,0.75
CC018808,Missing ablation,missing\_ablation,1,1,1,2025,0,1,0,5.0,0.0
CC018869,Modality limitations,modality-limitations-unexplored-interdependence,1,1,1,2025,0,1,0,5.0,0.0
CC019026,Multimodal Benchmark,MultimodalBenchmark,1,1,1,2025,1,0,0,8.0,1.0
CC019123,Need for additional experiments,Need for additional experiments,1,1,1,2024,0,1,0,6.0,0.0
CC019368,Neglect of batch normalization impact,Innovative techniques for Batch Normalization improvement,1,1,1,2020,0,0,1,6.0,1.0
CC019448,New perspective on offline RL methods,Innovative improvements in offline RL methodology; Innovative improvements to offline RL paradigm; New perspective on offline RL methods,3,3,2,2021; 2023,0,0,3,5.666666666666667,0.0
CC019480,No identified weaknesses,No significant weaknesses identified; No weaknesses found.; no identified weaknesses; no significant weaknesses identified; no weaknesses identified,5,5,5,2024; 2025,0,5,0,8.0,1.0
CC019484,No strengths identified,No identified strengths,1,1,1,2023,0,0,1,1.0,0.0
CC019532,Notation Clarity,NotationClarity,1,1,1,2025,0,1,0,6.0,1.0
CC019607,Novel LSTM architecture with superior performance,Novel LSTM architecture with superior performance,1,1,1,2020,0,0,1,8.0,1.0
CC019632,Novel OOD detection criterion,Comprehensive evaluation of OOD detection methods; Conceptual framework for OOD detection; Practical OOD detection with strong empirical support; Significant contributions to OOD detection evaluation; Strong empirical validation and significant contributions to OOD detection,5,5,5,2021; 2022; 2023; 2024,1,0,4,6.4,0.2
CC019648,Novel RNN architecture addressing gradient issues,Innovative RNN architecture addressing gradient issues; Novel RNN architecture addressing gradient issues,2,2,2,2020; 2021,0,0,2,7.5,0.5
CC019741,Novel algorithm with potential applications,Novel algorithmic design and theoretical contributions,1,1,1,2024,1,0,0,6.0,1.0
CC019764,Novel analysis of SGD's implicit regularization,Novel analysis of SGD's implicit regularization,1,1,1,2021,0,0,1,7.0,1.0
CC019768,Novel analysis of dynamic privacy schedules in gradient descent,Novel analysis of dynamic privacy schedules in gradient descent; Theoretical analysis of dynamic privacy schedule in private gradient descent,2,2,1,2021,0,0,2,5.5,0.0
CC019833,Novel application of NAS for object detection,Novel application of NAS for object detection,1,1,1,2020,0,0,1,3.0,1.0
CC019868,Novel approach and clear presentation,Clear presentation and novel method; clear presentation and novel approach; novel approach with clear presentation,3,3,3,2022; 2023; 2024,1,0,2,6.666666666666667,0.6666666666666666
CC019876,Novel approach and thorough evaluation,Novel approach and comprehensive evaluation; Novel approach with effective evaluation,2,2,2,2022,0,0,2,6.0,0.5
CC019949,Novel approach to a significant problem,Novel approach to a significant problem,1,1,1,2023,0,0,1,6.0,1.0
CC019977,Novel approach to disentangled representations,Innovative approach for disentangled representations; Innovative disentangled representation approach; Novel approach to disentangled representations,3,3,2,2021; 2023,0,0,3,6.333333333333333,0.5
CC019980,Novel approach to disentanglement and promising experimental results,Novel approach to disentanglement and promising experimental results,1,1,1,2023,0,0,1,8.0,1.0
CC019989,Novel approach to fairness in ML,Novel approach to fairness in ML,1,1,1,2024,1,0,0,8.0,1.0
CC019991,Novel approach to federated learning generalization,Novel approach to federated learning generalization; Novel approach to generalisation in federated learning,2,2,2,2022; 2023,0,0,2,6.0,0.5
CC020019,Novel approach to model uncertainty,Novel approach to model uncertainty,1,1,1,2021,0,0,1,3.0,0.0
CC020027,Novel approach to noisy label learning,Innovative approach to noisy label training; State-of-the-art algorithm for noisy label learning,2,2,2,2020; 2021,0,0,2,6.5,1.0
CC020126,Novel approach with effective results,Novel approach and improved results,1,1,1,2022,0,0,1,8.0,1.0
CC020145,Novel approach with potential impact,novel approach with potential impact,1,1,1,2024,1,0,0,5.0,0.0
CC020161,Novel approach with strong experimental results,Novel approach with strong experimental results,1,1,1,2023,0,0,1,6.0,1.0
CC020177,Novel architecture,Novel architecture; novel architecture,2,2,2,2025,2,0,0,6.0,0.0
CC020194,Novel architecture with strong performance,Novel architecture with significant performance gains,1,1,1,2024,1,0,0,6.0,1.0
CC020300,Novel contribution and clear methodology,Clear methodology and novel contributions,1,1,1,2024,1,0,0,8.0,1.0
CC020319,Novel contribution to object-centric learning,Novel contribution to object-centric learning; Promising improvements in object-centric learning,2,2,2,2022; 2023,0,0,2,8.0,1.0
CC020327,Novel contributions and clear presentation,novel contributions and clear presentation,1,1,1,2024,1,0,0,6.0,1.0
CC020423,Novel diffusion model,Novel application of diffusion model; Novel diffusion model application,2,2,2,2023,0,0,2,5.0,0.0
CC020500,Novel feature selection method with strong experimental results,Effective feature selection method with strong experimental results,1,1,1,2020,0,0,1,3.0,0.0
CC020628,Novel hypothesis and clear presentation,Novel hypothesis and clear presentation,1,1,1,2022,0,0,1,6.0,1.0
CC020636,Novel idea with strong experimental results,Novel idea with strong experimental results,1,1,1,2024,1,0,0,6.0,0.0
CC020721,Novel integration of meta-learning and adversarial training,Novel integration of meta-learning and adversarial training,1,1,1,2021,0,0,1,5.0,1.0
CC020817,Novel meta reinforcement learning algorithm with focus on meta-generalization,Novel meta reinforcement learning algorithm with focus on meta-generalization; Novel meta reinforcement learning algorithm with strong generalization capabilities,2,2,1,2020,0,0,2,7.0,1.0
CC020826,Novel meta-learning approach with strong results,Novel meta-learning approach with strong results,1,1,1,2022,0,0,1,8.0,1.0
CC020864,Novel method for efficient black-box attacks,Innovative black-box attack method with strong experimental performance; Novel approach to restricted black-box attacks,2,2,2,2020; 2021,0,0,2,5.5,0.5
CC020901,Novel method for weakly supervised learning,Innovative weakly supervised learning method; Novel method for weakly supervised learning,2,2,2,2022; 2023,0,0,2,6.0,0.5
CC020943,Novel methodology and strong empirical results,Novel methodology and strong empirical results; Novel methodology with strong empirical results; novel methodology with strong empirical support,3,3,3,2022,0,0,3,7.333333333333333,1.0
CC021088,Novel perspective on GNNs' expressive power,Novel perspective on GNNs' expressive power; Theoretical analysis of GNN's expressive power,2,2,2,2020; 2024,1,0,1,5.5,0.5
CC021223,Novel saliency map evaluation method,Innovative evaluation metrics for saliency maps; Novel saliency map evaluation method,2,2,2,2020; 2022,0,0,2,4.0,0.0
CC021324,Novel technique for few-shot classification,Innovative approach to few-shot classification across domains; Novel technique for few-shot classification,2,2,2,2020,0,0,2,3.0,0.0
CC021329,Novel techniques for RNN signal propagation,novel approach to signal propagation in RNNs,1,1,1,2020,0,0,1,6.0,1.0
CC021339,Novel theoretical contribution,Novel theoretical contribution,1,1,1,2023,0,0,1,3.0,0.0
CC021359,Novel theoretical insights on federated learning,important empirical investigation in federated learning,1,1,1,2020,0,0,1,3.0,0.0
CC021404,Novel uncertainty estimation method,novel approach to uncertainty estimation,1,1,1,2022,0,0,1,6.0,0.0
CC021629,Novelty and strong theoretical grounding,Limited novelty and weak theoretical grounding; Novelty and strong theoretical grounding,2,2,2,2022; 2024,0,1,1,6.0,0.0
CC021885,Originality and clarity in research,Originality and clarity in research,1,1,1,2024,1,0,0,5.0,0.0
CC021908,"Originality, Quality, and Significant Contribution","Originality, Quality, and Significant Contribution; Originality, quality, clarity, and significance of contributions",2,2,2,2024,2,0,0,6.5,0.0
CC021928,Outdated benchmarks,Outdated benchmarks,1,1,1,2025,0,1,0,3.0,0.0
CC021996,Overstated claims and limited applicability,Overstated claims and limited applicability,1,1,1,2024,0,1,0,8.0,0.0
CC022003,Overstated performance claims,Overstated performance claims and lack of justification,1,1,1,2024,0,1,0,6.0,0.0
CC022143,Poor notation clarity,Language clarity and notation issues; Notation clarity and consistency issues; Notation clarity issues; notation\_clarity\_issues,4,4,4,2022; 2024; 2025,0,3,1,6.5,0.5
CC022152,Poor presentation and methodology issues,Presentation issues and unclear methodology,1,1,1,2024,0,1,0,8.0,1.0
CC022163,Poor writing and clarity issues,Lack of clarity in writing; Numerous writing and clarity issues; Poor writing and lack of clarity; Poor writing quality and lack of clarity,5,5,5,2022; 2024,0,4,1,3.2,0.2
CC022174,Poor writing and unclear methodology,Poor writing and unclear methodology; Unclear methodology and poor writing style,2,2,2,2024,0,2,0,3.0,0.5
CC022187,Positive experimental results,Positive experimental results,1,1,1,2023,0,0,1,5.0,0.0
CC022381,Presentation and clarity issues,Lack of clarity and detail in presentation; Poor presentation and organization; Presentation and clarity issues; clarity and simplicity of presentation; presentation\_clarity,5,5,5,2022; 2024; 2025,1,3,1,4.8,0.2
CC022383,Presentation and evaluation issues,Limited evaluation and presentation issues; Presentation and evaluation issues,2,2,2,2024,0,2,0,4.5,0.0
CC022385,Presentation and experimental clarity issues,Presentation clarity and experimental detail issues,1,1,1,2024,0,1,0,3.0,0.0
CC022508,Promising approach to task similarity in meta-learning,Novel theoretical formulation for meta-learning with task similarity; Promising approach to task similarity in meta-learning,2,2,1,2021,0,0,2,3.5,0.0
CC022583,Promising results and clear methodology,Clear methodology and promising initial results,1,1,1,2024,1,0,0,5.0,1.0
CC022675,Proposed defense against adversarial examples,Proposed defense against adversarial examples; Proposes novel defense against adversarial examples,2,2,2,2021,0,0,2,2.5,0.0
CC022717,Proposed methods for counterfactual fairness,Novel notion for counterfactual fairness with theoretical and empirical validation,1,1,1,2024,1,0,0,5.0,0.0
CC022952,Readability and clarity issues,Readability and clarity issues,1,1,1,2024,0,1,0,5.0,0.0
CC022977,Real-world applications,Real-world applications; real-world applications,2,2,2,2025,2,0,0,4.0,0.0
CC022988,Real-world relevance,Real-world relevance,1,1,1,2025,1,0,0,1.0,0.0
CC023449,Robust experimental design and clarity,clarity and robust experimental design,1,1,1,2024,1,0,0,8.0,1.0
CC023556,Robustness and comprehensive experiments,Extensive experimental study on robustness,1,1,1,2020,0,0,1,3.0,0.0
CC023561,Robustness and performance improvement,Robustness analysis and performance improvement,1,1,1,2023,0,0,1,6.0,1.0
CC023622,SOTA Models Absent,SOTA Models Absent; missing-sota-models,2,2,2,2025,0,2,0,6.0,0.5
CC023872,Significant contribution to multi-agent reinforcement learning,Significant contribution to multi-agent reinforcement learning; Significant contributions to multi-agent reinforcement learning,2,2,2,2022; 2023,0,0,2,5.5,0.0
CC023910,Significant contributions to Federated Learning,Significant contributions to Federated Learning; Significant contributions to Federated Learning and practical applicability,2,2,1,2024,2,0,0,8.0,1.0
CC024058,Significant problem addressed with strong experimental results,Significant problem addressed with strong experimental results,1,1,1,2024,1,0,0,5.0,0.0
CC024178,Simple and effective method with strong empirical results,Simple and effective method with strong empirical results,1,1,1,2023,0,0,1,8.0,1.0
CC024214,Simple implementation and theoretical guarantees,Simple implementation and theoretical guarantees; intuitive and simple implementation with theoretical guarantees,2,2,2,2022; 2023,0,0,2,5.5,0.5
CC024244,Simplicity and clarity of technique,Simplicity and clarity of technique,1,1,1,2024,1,0,0,8.0,1.0
CC024259,Simplicity and effectiveness of method,Simplicity and applicability of method; Simplicity of method,2,2,2,2022; 2023,0,0,2,3.5,0.0
CC024297,Simplicity and superior performance,Simplicity and good performance; Simplicity and strong performance; Superior performance and simplicity; good performance and simplicity,4,4,4,2023; 2024,3,0,1,4.75,0.25
CC024307,Simplicity of algorithm design,Simplicity and clarity in algorithm design; Simplicity of algorithm design,2,2,2,2022; 2024,1,0,1,4.5,0.5
CC024489,State-of-the-art OOD detection performance,Significant improvement in OOD detection performance; novel OOD detection approach with performance guarantees,2,2,2,2020; 2021,0,0,2,6.5,1.0
CC024498,State-of-the-art performance,state-of-the-art performance,1,1,1,2025,1,0,0,5.0,0.0
CC024589,Strong assumptions limit applicability,Assumptions may limit generalizability,1,1,1,2024,0,1,0,6.0,0.0
CC024597,Strong benchmark performance,Improved performance on benchmarks; Significant improvement over benchmarks; Strong benchmark performance,3,3,3,2023; 2024,1,0,2,6.0,0.6666666666666666
CC024664,Strong empirical performance,Strong empirical performance; Superior empirical performance; strong empirical performance,3,3,3,2023; 2024,1,0,2,4.333333333333333,0.3333333333333333
CC024673,Strong empirical performance and theoretical justification,Strong empirical performance and theoretical justification; Strong theoretical justification and empirical performance,2,2,2,2022; 2024,1,0,1,6.5,0.5
CC024679,Strong empirical results and clarity,Strong empirical results and clarity,1,1,1,2022,0,0,1,5.0,0.0
CC024697,Strong empirical results and reproducibility,Strong empirical results and reproducibility,1,1,1,2024,1,0,0,5.0,0.0
CC024757,Strong experimental results and novel contributions,Strong experimental results and novel contributions,1,1,1,2022,0,0,1,8.0,1.0
CC024763,Strong experimental results and sound theoretical analysis,Strong experimental results and sound theoretical analysis,1,1,1,2024,1,0,0,5.0,0.0
CC024811,Strong insights and empirical results,Strong insights and empirical results,1,1,1,2023,0,0,1,5.0,0.0
CC024837,Strong literature review and theoretical framework,Strong literature review and theoretical framework,1,1,1,2023,0,0,1,6.0,0.0
CC024858,Strong methodology and thorough evaluation,Thorough evaluation and strong methodology,1,1,1,2024,1,0,0,8.0,1.0
CC024870,Strong motivation,Strong motivation,1,1,1,2025,1,0,0,3.0,0.0
CC024878,Strong motivation and clear methodology,Strong motivation and clear methodology,2,2,2,2023; 2024,1,0,1,4.5,0.0
CC024891,Strong motivation and empirical support,Strong motivation and empirical support,1,1,1,2023,0,0,1,8.0,1.0
CC024987,Strong performance on math datasets,Strong performance on math datasets,2,2,2,2024,2,0,0,6.0,1.0
CC025073,Strong theoretical analysis,Strong theoretical analysis,1,1,1,2023,0,0,1,6.0,0.0
CC025078,Strong theoretical analysis and empirical validation,Strong theoretical analysis and empirical validation,1,1,1,2023,0,0,1,3.0,0.0
CC025086,Strong theoretical analysis and thorough experiments,Strong theoretical analysis and thorough experimental evaluations,1,1,1,2023,0,0,1,8.0,1.0
CC025092,Strong theoretical and empirical contributions,Extensive theoretical and empirical contributions; Strong empirical results and theoretical contributions; Strong theoretical and empirical contributions; need for stronger empirical results; strong empirical results,5,5,5,2022; 2023; 2025,1,0,4,6.0,0.4
CC025105,Strong theoretical and experimental support,Strong theoretical and experimental support; Strong theoretical results and experimental support,2,2,2,2022; 2024,1,0,1,5.5,0.5
CC025125,Strong theoretical development and clear presentation,strong theoretical development and clear presentation,1,1,1,2024,1,0,0,3.0,0.0
CC025140,Strong theoretical foundation and effective experiments,Theoretical framework and strong experimental results,1,1,1,2023,0,0,1,8.0,1.0
CC025148,Strong theoretical foundation and empirical validation,strong theoretical foundation and empirical validation,1,1,1,2024,1,0,0,6.0,0.0
CC025160,Strong theoretical foundation and performance,Strong theoretical foundation and performance,1,1,1,2022,0,0,1,8.0,1.0
CC025238,Strong writing and thorough analysis,Strong writing and thorough analysis,1,1,1,2024,1,0,0,6.0,0.0
CC025298,Substantial revisions and improvements,Substantial revisions and improvements,1,1,1,2022,0,0,1,5.0,1.0
CC025344,Superior performance of proposed method,Superior performance of proposed method,1,1,1,2024,1,0,0,3.0,0.0
CC025515,Terminology and clarity issues,Terminology clarity and rigor issues,1,1,1,2024,0,1,0,8.0,1.0
CC025585,Theoretical analysis of attention models' sample complexity and loss landscape,Theoretical advancements in sample complexity and loss landscape for attention models; Theoretical analysis of attention models' sample complexity and loss landscape,2,2,1,2021,0,0,2,5.0,0.0
CC025595,Theoretical analysis of noisy-label learning,Theoretical analysis of noisy-label learning,1,1,1,2022,0,0,1,6.0,0.0
CC025661,Theoretical contribution on communication complexity,Theoretical contribution on communication complexity,1,1,1,2021,0,0,1,5.0,0.0
CC025709,Theoretical contributions to meta-learning properties,Strong theoretical contributions and practical implications for meta-learning; Theoretical contributions to meta-learning properties,2,2,2,2021; 2022,0,0,2,5.0,0.5
CC025711,Theoretical contributions to transfer learning,Original theoretical contributions in transfer learning,1,1,1,2024,1,0,0,8.0,0.0
CC025741,Theoretical foundation,Theoretical foundation,1,1,1,2025,1,0,0,8.0,0.0
CC025785,Theoretical guarantees for fairness and optimality,Effective fairness in challenging conditions and theoretical guarantees; Theoretical guarantees for fairness and optimality,2,2,2,2023; 2024,1,0,1,6.5,0.5
CC025830,Theoretical insights on heterogeneity and partial participation in FL,Theoretical insights on heterogeneity and partial participation in FL,1,1,1,2023,0,0,1,6.0,1.0
CC025855,Theoretical limitations and clarity issues,Theoretical limitations and clarity issues,2,2,2,2024,0,2,0,7.0,0.5
CC025986,Thorough analysis and empirical validation,Strong empirical validation and thorough analysis,1,1,1,2024,1,0,0,6.0,0.0
CC026065,Thorough empirical studies and relevance to ICLR,Thorough empirical studies and relevance to ICLR,1,1,1,2023,0,0,1,6.0,0.0
CC026258,Threshold sensitivity,thresholding-sensitivity,1,1,1,2025,0,1,0,8.0,1.0
CC026440,Two methods for enhancing differentially private models,Methods for enhancing differentially private models with public data; Two methods for enhancing differentially private models,2,2,1,2020,0,0,2,2.0,0.0
CC026453,Typographical errors,typographical-errors,1,1,1,2025,0,1,0,6.0,0.0
CC026467,Unaddressed questions,Unaddressed questions,1,1,1,2024,0,1,0,5.0,1.0
CC026529,Unclear concepts,unclear_concepts,1,1,1,2025,0,1,0,3.0,0.0
CC026573,Unclear justification,unclear-justification,1,1,1,2025,0,1,0,3.0,0.0
CC026628,Unclear questions,Unclear questions,1,1,1,2024,0,1,0,5.0,0.0
CC026648,Unclear technical contributions,Unclear technical contributions,1,1,1,2022,0,0,1,5.0,0.0
CC026879,Unsupervised representation learning approach,Innovative approach to unsupervised representation learning,1,1,1,2021,0,0,1,4.0,0.0
CC027147,Valuable research direction in graph sparsification,Novel insights and empirical validation in graph sparsification; Valuable research direction in graph sparsification,2,2,2,2022,0,0,2,4.5,0.0
CC027371,Well-motivated problem and clear writing,Well-motivated problem and clear writing,1,1,1,2023,0,0,1,3.0,1.0
CC027432,Well-organized and well-written paper,Well-organized and well-written paper,1,1,1,2023,0,0,1,6.0,1.0
CC027510,Well-structured and technically rigorous,Well-structured and technically rigorous,1,1,1,2024,1,0,0,5.0,1.0
CC027524,Well-structured paper,Well-structured paper; well-structured paper,2,2,2,2022; 2023,0,0,2,2.0,0.0
CC027593,Well-written and convincing results,well-written and convincing results,1,1,1,2022,0,0,1,8.0,1.0
CC027628,Well-written and organized,well-written and organized,1,1,1,2024,1,0,0,5.0,0.0
CC027679,Well-written paper,Well-written paper,1,1,1,2024,1,0,0,6.0,1.0
CC027842,Writing clarity and venue suitability issues,Concerns about venue suitability and writing clarity,1,1,1,2024,0,1,0,6.0,1.0
CC027843,Writing clarity issues,Writing clarity issues; clarity of writing; writing\_clarity\_issues,3,3,3,2024; 2025,1,2,0,5.0,0.0
CC027934,Additional benchmarks,additional benchmarks,2,2,2,2025,0,2,0,7.0,1.0
CC028041,Annotation quality issues,annotation quality issues,1,1,1,2025,0,1,0,6.0,1.0
CC028150,Baselines performance,Strong performance against baselines,1,1,1,2024,1,0,0,3.0,0.0
CC028158,Benchmark comparison,benchmark comparison,1,1,1,2025,0,1,0,6.0,1.0
CC028163,Benchmarking dataset,benchmarking dataset; more benchmark datasets,2,2,2,2025,1,1,0,4.0,0.5
CC028315,Clarity in proposed method,Lack of clarity and support for proposed method; clarity in proposed method,2,2,2,2022; 2024,0,1,1,5.5,0.5
CC028378,Clear motivation,clear motivation,1,1,1,2023,0,0,1,6.0,0.0
CC028549,Competitive performance,competitive performance,2,2,2,2025,2,0,0,4.5,0.0
CC028563,Complex datasets,complex datasets; complex-datasets,2,2,2,2025,0,2,0,4.5,0.5
CC028607,Comprehensive benchmark,Comprehensive benchmark with extensive evaluations and resources; Relevant benchmark and detailed evaluations; extensive-benchmarking,3,3,3,2023; 2024; 2025,2,0,1,7.333333333333333,0.6666666666666666
CC028614,Comprehensive evaluation,Effective and comprehensive evaluation; comprehensive evaluation; comprehensive evaluation results; comprehensive\_evaluation,4,4,4,2024; 2025,4,0,0,5.75,0.0
CC028628,Comprehensive method,comprehensive method,1,1,1,2025,1,0,0,6.0,0.0
CC028665,Computational complexity,computational complexity,1,1,1,2025,0,1,0,8.0,1.0
CC028668,Computational cost,computational\_costs,1,1,1,2025,0,1,0,6.0,1.0
CC028670,Computational efficiency,computation efficiency,1,1,1,2025,1,0,0,6.0,0.0
CC028677,Computational overhead,Computational-overhead; computation overhead; computation-overhead; computational overhead; computational-overhead,5,5,5,2025,0,5,0,6.8,0.2
CC029255,Effective self-supervised learning technique,Effective self-supervised learning method with promising results,1,1,1,2020,0,0,1,6.0,0.0
CC029282,Efficient algorithm for uncertainty in pseudo-labeling,Improved pseudo-labeling with uncertainty consideration,1,1,1,2021,0,0,1,6.0,1.0
CC029366,Engaging topic and thorough experimentation,engaging topic and thorough experimentation,2,2,2,2024,2,0,0,6.5,0.0
CC029444,Experiment settings,experiment settings,1,1,1,2025,0,1,0,8.0,1.0
CC029519,Extension of robustness certification to RL,Innovative certification methods for RL robustness; extension of robustness certification to RL,2,2,2,2022,0,0,2,4.5,1.0
CC029521,Extensive evaluation,extensive evaluation,1,1,1,2025,1,0,0,6.0,1.0
CC029578,Figure clarity,figure clarity; figure\_clarity,2,2,2,2025,1,1,0,4.0,0.0
CC029640,Focus on generative models for OOD detection,Innovative approach using generative models for OOD detection,1,1,1,2020,0,0,1,8.0,0.0
CC029890,High-quality dataset,"Large-scale, high-quality dataset",1,1,1,2024,1,0,0,6.0,0.0
CC029937,Hyperparameter sensitivity,hyperparam\_sensitivity; hyperparameter sensitivity; hyperparameter-sensitivity,3,3,3,2025,0,3,0,7.333333333333333,0.6666666666666666
CC029990,Implementation choice,Implementation choices; implementation choice,2,2,2,2025,0,2,0,5.5,0.5
CC030021,Important problem studied,important problem studied; important-problem-studied,2,2,2,2023; 2025,1,0,1,4.0,0.0
CC030089,Inadequate comparisons,lack_comparison,1,1,1,2025,0,1,0,8.0,1.0
CC030096,Inadequate explanation,inadequate explanation; inadequate explanations,2,2,2,2025,0,2,0,6.0,1.0
CC030130,Incomplete baselines,incomplete baselines,2,2,2,2025,0,2,0,5.5,1.0
CC030134,Incomplete methodology,incomplete-methodology,1,1,1,2025,0,1,0,6.0,1.0
CC030178,Inconsistent benchmark,inconsistent benchmark; inconsistent-benchmark,2,2,2,2025,0,2,0,7.0,0.0
CC030188,Inconsistent notation,Inconsistent Notation; Inconsistent notation,2,2,2,2024; 2025,0,2,0,5.5,0.5
CC030189,Inconsistent results,Inconsistent results without justification,1,1,1,2024,0,1,0,6.0,1.0
CC030261,Innovative approach,innovative approach,1,1,1,2025,1,0,0,3.0,0.0
CC030301,Innovative technique,innovative and practical technique,1,1,1,2024,1,0,0,6.0,1.0
CC030304,Innovative watermarking approach,Thorough evaluation and comparative analysis of watermarking; Thorough experimentation and innovative watermarking approach; timely and innovative watermarking approach,3,3,3,2024,3,0,0,6.666666666666667,1.0
CC030363,Insignificant improvement,insignificant improvements,1,1,1,2025,0,1,0,5.0,0.0
CC030381,Insufficient detail,Insufficient details,1,1,1,2025,0,1,0,5.0,0.0
CC030520,"Interesting-problem, well-written","Interesting problem and well-written; interesting-problem, well-written",2,2,2,2023; 2025,1,0,1,5.0,0.0
CC030637,Lack of identified weaknesses,Lack of significant weaknesses identified; lack of identified weaknesses,4,4,4,2024,0,4,0,8.0,0.75
CC030675,Lacks efficiency proof,lacks efficiency proof,1,1,1,2025,0,1,0,5.0,0.0
CC030696,Lacks real-world data,lacking real-world data,1,1,1,2025,0,1,0,6.0,1.0
CC030753,Large-scale applicability,large-scale applicability,1,1,1,2025,0,1,0,6.0,0.0
CC030765,Large-scale validation,large-scale validation; large-scale validation lacking,2,2,2,2025,0,2,0,4.0,0.0
CC030853,Limited datasets,dataset-limitations; dataset-limited; limited datasets,5,5,5,2025,0,5,0,5.6,0.6
CC030876,Limited performance gains,limited performance gains,1,1,1,2025,0,1,0,5.0,0.0
CC031052,Marginal improvement,Marginal improvement,1,1,1,2025,0,1,0,3.0,0.0
CC031055,Marginal performance improvements,Marginal performance improvement and limited applicability,1,1,1,2024,0,1,0,3.0,0.0
CC031138,Method clarity,method clarity; method\_clarity,2,2,2,2025,1,1,0,4.5,0.5
CC031139,Method clarity and improvement,Clarity and effectiveness of method; Clarity and practicality of method,2,2,2,2024,2,0,0,5.0,0.5
CC031230,Missing details,missing details,1,1,1,2025,0,1,0,6.0,1.0
CC031328,Model diversity,model-diversity,1,1,1,2025,0,1,0,6.0,1.0
CC031331,Model limitations,model\_limitations,1,1,1,2025,0,1,0,6.0,1.0
CC031411,Motivated problem,well-motivated-problem,1,1,1,2025,1,0,0,6.0,1.0
CC031421,Motivation explanation,motivation explanation,1,1,1,2025,0,1,0,8.0,1.0
CC031617,No major weaknesses,no major weaknesses,2,2,2,2025,0,2,0,9.0,1.0
CC031620,No weaknesses,No weaknesses,2,2,2,2025,0,2,0,8.0,1.0
CC031703,Novel algorithm,novel-algorithm,1,1,1,2025,1,0,0,6.0,1.0
CC031735,Novel analysis of robust overfitting,Novel connection to robust overfitting and extensive experiments; novel analysis of robust overfitting,2,2,1,2022,0,0,2,5.5,0.0
CC031743,Novel and effective regularization method,Effective and simple regularization method with strong empirical results; Effective regularization strategy with strong experimental validation; Effective regularization technique with improved performance; Innovative regularization method with strong experimental validation; Novel regularization methods and significant theoretical contributions,5,5,5,2020; 2021; 2022,0,0,5,6.4,0.4
CC031773,Novel approach,novel approach,2,2,2,2025,2,0,0,6.5,0.5
CC031802,Novel approach to data imputation,Innovative data imputation methods with practical implications; novel approach to data imputation,2,2,2,2022; 2024,1,0,1,3.0,0.0
CC031807,Novel approach to distributional RL,completes distributional RL approach; novel approach to distributional RL,2,2,2,2023; 2025,1,0,1,4.5,0.0
CC031845,Novel approach with impressive results,novel approach with impressive results,1,1,1,2024,1,0,0,8.0,1.0
CC031859,Novel approach with strong results,novel approach with strong results,1,1,1,2023,0,0,1,8.0,1.0
CC031896,Novel batch active learning approach with empirical support,Innovative batch active learning method with empirical advantages,1,1,1,2022,0,0,1,6.0,1.0
CC031897,Novel benchmark,novel benchmark,1,1,1,2025,1,0,0,6.0,1.0
CC031996,Novel framework,novel framework,2,2,2,2025,2,0,0,5.0,0.0
CC032009,Novel framework for out-of-distribution detection,novel framework for out-of-distribution detection,1,1,1,2020,0,0,1,6.0,0.0
CC032117,Novel method and strong experiments,"novel methods, extensive experiments",1,1,1,2025,1,0,0,5.0,0.0
CC032141,Novel method with strong empirical support,novel method with strong empirical results,1,1,1,2022,0,0,1,6.0,0.0
CC032143,Novel method with strong performance,Novel method with superior performance; novel method with strong performance,2,2,2,2022; 2024,1,0,1,6.0,1.0
CC032160,Novel methodology with strong theoretical support,novel methodology with strong theoretical support,1,1,1,2022,0,0,1,6.0,0.0
CC032187,Novel multi-task learning framework,Innovative multi-task learning framework; Innovative multi-task learning framework with state-of-the-art results,2,2,2,2020; 2021,0,0,2,3.5,0.0
CC032213,Novel personalized federated learning approach,Innovative algorithm for personalized federated learning; Innovative personalized federated learning approach; novel personalized federated learning approach,3,3,3,2021; 2022,0,0,3,5.666666666666667,0.3333333333333333
CC032254,Novel regularization strategy for robustness,Robust regularization strategy and strong statistical results,1,1,1,2022,0,0,1,8.0,1.0
CC032301,Novel statistical framework for saliency estimation,Innovative statistical framework for saliency estimation; Innovative statistical method for saliency detection; novel statistical framework for saliency estimation,3,3,1,2020,0,0,3,5.0,0.0
CC032322,Novel technique with better performance,novel technique with better performance,1,1,1,2023,0,0,1,5.0,0.0
CC032549,Novelty+technical soundness,novelty+technical soundness,1,1,1,2025,1,0,0,8.0,1.0
CC032618,Original approach for label noise robustness,original approach for label noise robustness,1,1,1,2023,0,0,1,5.0,0.0
CC032689,Outperforms baselines,outperforms baselines; outperforms-baselines,2,2,2,2025,2,0,0,4.0,0.0
CC032755,Parameter sensitivity,parameter sensitivity,1,1,1,2025,0,1,0,3.0,0.0
CC032780,Performance gap,"performance gap; performance gap, lack explanation",2,2,2,2025,0,2,0,6.0,1.0
CC032902,Presentation issues,presentation issues,1,1,1,2025,0,1,0,3.0,0.0
CC032933,Priorwork comparison,priorwork comparison,1,1,1,2025,0,1,0,6.0,1.0
CC033018,Proposed unsupervised anomaly detection approach,Effective unsupervised anomaly detection approach; Innovative approach to unsupervised anomaly detection,2,2,2,2020; 2021,0,0,2,3.0,0.0
CC033020,Proposes effective quantization approach,simple and effective quantization approach,1,1,1,2022,0,0,1,8.0,1.0
CC033086,Real-time performance,Real-time performance and strong results,1,1,1,2024,1,0,0,5.0,0.0
CC033309,"Rigorous proofs, novel results",novel results and rigorous proofs,1,1,1,2024,1,0,0,8.0,1.0
CC033370,Robust watermarking approach,Novel watermarking method with robust performance; robust watermarking approach,2,2,2,2020; 2024,1,0,1,7.0,0.5
CC033383,Robustness in multi-agent systems,Innovative approach to robustness in multi-agent systems,1,1,1,2021,0,0,1,3.0,0.0
CC033419,Safety neuron theory,safety neuron theory,1,1,1,2025,0,1,0,8.0,1.0
CC033447,Scalability concerns,scalability concerns,1,1,1,2025,0,1,0,8.0,1.0
CC033831,Strong performance,strong performance,1,1,1,2025,1,0,0,5.0,0.0
CC033845,"Strong results, extensive experiments","Comprehensive experiments with strong results; strong results, extensive experiments",2,2,2,2024; 2025,2,0,0,6.5,0.5
CC034080,Theoretical contribution,theoretical contribution,1,1,1,2025,1,0,0,1.0,0.0
CC034157,Thorough empirical analysis,Thorough analysis and consistent empirical results; thorough empirical analysis,2,2,2,2023; 2025,1,0,1,6.5,1.0
CC034165,"Thorough evaluation, novel dataset","thorough evaluation, novel dataset",1,1,1,2025,1,0,0,8.0,1.0
CC034174,Thorough experiments,thorough experiments; thorough-experiment,4,4,4,2025,4,0,0,4.75,0.5
CC034263,Tokenization bias,Tokenization bias study; defines-tokenization-bias; tokenization bias,3,2,1,2025,1,2,0,5.333333333333333,1.0
CC034374,Unclear algorithm presentation,Unclear technical presentation of algorithm; unclear algorithm presentation,2,2,2,2024,0,2,0,4.5,1.0
CC034393,Unclear details,unclear details,1,1,1,2025,0,1,0,8.0,1.0
CC034394,Unclear equations,unclear equations,1,1,1,2025,0,1,0,5.0,0.0
CC034836,Weak evaluation,**Weak evaluation**; weak evaluation,2,2,2,2025,0,2,0,4.5,0.5
CC034854,Weaknesses: strong-assumptions,weaknesses_justify_assumptions,1,1,1,2025,0,1,0,6.0,1.0
CC034988,Well-organized paper with strong experiments,Well-organized paper with strong experimental results; well-organized paper with strong experiments,2,2,2,2022; 2024,1,0,1,4.5,0.5
CC035017,Well-presented experimental results,Well-presented and strong experimental results,1,1,1,2024,1,0,0,8.0,1.0
CC035033,Well-structured and relevant study,well-structured and relevant research,1,1,1,2024,1,0,0,8.0,1.0
CC035066,Well-written and comprehensive experiments,well-written and comprehensive experiments,1,1,1,2024,1,0,0,5.0,0.0
CC035097,Well-written and strong empirical results,well-written and significant empirical results,1,1,1,2024,1,0,0,5.0,1.0
